strategy_name,variety_name,sector,side,entry_date,exit_date,entry_price,exit_price,holding_days,pnl_ratio,entry_main_score,exit_reason
策略2_完整约束,PTA,化工能化,short,2025-07-30,2025-08-08,4856.0,4684.0,7,0.03542009884678748,,tp3_main_turn_up
策略2_完整约束,沪金,贵金属,short,2025-07-30,2025-08-04,773.78,781.42,3,-0.009873607485331731,,tp3_main_turn_up
策略2_完整约束,沪铜,有色金属,short,2025-07-30,2025-08-05,78930.0,78580.0,4,0.0044343088812872165,,tp3_main_turn_up
策略2_完整约束,沪金,贵金属,long,2025-08-06,2025-08-11,783.68,779.48,3,-0.005359330338913755,,tp3_main_turn_down
策略2_完整约束,沪铝,有色金属,long,2025-08-06,2025-08-14,20650.0,20715.0,6,0.0031476997578692495,,tp3_main_turn_down
策略2_完整约束,PTA,化工能化,long,2025-08-12,2025-08-14,4726.0,4666.0,2,-0.012695725772323318,,tp3_main_turn_down
策略2_完整约束,沪金,贵金属,short,2025-08-13,2025-08-20,777.72,772.68,5,0.006480481407190348,,tp3_main_turn_up
策略2_完整约束,橡胶,化工能化,short,2025-08-15,2025-08-27,15905.0,15760.0,8,0.009116629990569003,,tp3_main_turn_up
策略2_完整约束,焦煤,黑色系,short,2025-08-15,2025-08-25,1230.0,1215.5,6,0.011788617886178862,,tp3_main_turn_up
策略2_完整约束,豆粕,油脂油料,short,2025-08-21,2025-09-01,3113.0,3054.0,7,0.018952778670093158,,tp3_main_turn_up
策略2_完整约束,沪金,贵金属,long,2025-08-26,2025-09-08,781.12,825.18,9,0.05640618598934856,,tp3_main_turn_down
策略2_完整约束,PTA,化工能化,short,2025-08-28,2025-09-09,4792.0,4678.0,8,0.02378964941569282,,tp3_main_turn_up
策略2_完整约束,沪铝,有色金属,short,2025-09-03,2025-09-09,20710.0,20750.0,4,-0.001931434089811685,,tp3_main_turn_up
策略2_完整约束,焦煤,黑色系,long,2025-09-09,2025-09-22,1123.5,1217.5,9,0.08366711170449488,0.7666666666666667,tp3_main_turn_down
策略2_完整约束,沪铜,有色金属,short,2025-09-10,2025-09-12,79790.0,81060.0,2,-0.01591678155157288,0.5333333333333333,tp3_main_turn_up
策略2_完整约束,玉米,农产品,short,2025-09-10,2025-09-22,2197.0,2147.0,8,0.02275830678197542,0.7666666666666667,tp3_main_turn_up
策略2_完整约束,沪锌,有色金属,long,2025-09-15,2025-09-18,22310.0,22045.0,3,-0.011878081577767817,0.5333333333333333,tp3_main_turn_down
策略2_完整约束,沪铝,有色金属,short,2025-09-19,2025-09-26,20795.0,20745.0,5,0.0024044241404183697,1.0,tp3_main_turn_up
策略2_完整约束,焦煤,黑色系,short,2025-09-23,2025-10-15,1217.5,1151.0,10,0.05462012320328542,0.7,tp3_main_turn_up
策略2_完整约束,玉米,农产品,long,2025-09-24,2025-10-13,2164.0,2092.0,7,-0.033271719038817,0.16666666666666666,tp3_main_turn_down
策略2_完整约束,甲醇,化工能化,long,2025-09-29,2025-10-21,2359.0,2268.0,10,-0.03857566765578635,0.13333333333333333,tp3_main_turn_down
策略2_完整约束,棕榈油,油脂油料,short,2025-10-17,2025-11-05,9308.0,8590.0,13,0.07713794585302965,0.8,tp3_main_turn_up
策略2_完整约束,焦煤,黑色系,long,2025-10-17,2025-10-27,1179.0,1263.5,6,0.07167090754877015,0.6,tp3_main_turn_down
策略2_完整约束,橡胶,化工能化,long,2025-10-22,2025-10-31,15150.0,15085.0,7,-0.0042904290429042905,1.0,tp3_main_turn_down
策略2_完整约束,沪铝,有色金属,short,2025-10-31,2025-11-04,21300.0,21465.0,2,-0.007746478873239437,0.3333333333333333,tp3_main_turn_up
策略2_完整约束,橡胶,化工能化,short,2025-11-03,2025-11-07,15095.0,14995.0,4,0.006624710168930109,1.0,tp3_main_turn_up
策略2_完整约束,铁矿石,黑色系,short,2025-11-05,2025-11-12,776.0,774.0,5,0.002577319587628866,1.0,tp3_main_turn_up
策略2_完整约束,棕榈油,油脂油料,long,2025-11-07,2025-11-14,8660.0,8644.0,5,-0.0018475750577367205,0.8666666666666667,tp3_main_turn_down
策略2_完整约束,沪锌,有色金属,short,2025-11-11,2025-11-21,22675.0,22390.0,8,0.01256890848952591,0.7,tp3_main_turn_up
策略2_完整约束,铁矿石,黑色系,long,2025-11-13,2025-11-21,772.5,785.5,6,0.016828478964401296,0.5666666666666667,tp3_main_turn_down
策略2_完整约束,沪金,贵金属,short,2025-11-18,2025-11-25,921.34,946.5,5,-0.027308051316560625,1.0,tp3_main_turn_up
策略2_完整约束,甲醇,化工能化,long,2025-11-24,2025-12-03,2077.0,2128.0,7,0.02455464612421762,0.9333333333333333,tp3_main_turn_down
策略2_完整约束,豆粕,油脂油料,long,2025-11-27,2025-12-04,3055.0,2833.0,5,-0.07266775777414075,0.8,tp3_main_turn_down
策略2_完整约束,沪铝,有色金属,long,2025-11-28,2025-12-09,21610.0,21825.0,7,0.00994909763998149,0.7333333333333333,tp3_main_turn_down
策略2_完整约束,甲醇,化工能化,short,2025-12-04,2025-12-12,2113.0,2099.0,6,0.006625650733554188,0.7333333333333333,tp3_main_turn_up
策略2_完整约束,沪金,贵金属,short,2025-12-05,2025-12-11,961.04,957.9,4,0.0032672937650878075,0.23333333333333334,tp3_main_turn_up
策略2_完整约束,棕榈油,油脂油料,short,2025-12-10,2025-12-22,8528.0,8414.0,8,0.013367729831144466,0.8,tp3_main_turn_up
策略2_完整约束,焦煤,黑色系,short,2025-12-15,2025-12-16,1061.0,1067.5,1,-0.006126295947219604,0.9333333333333333,tp3_main_turn_up
策略2_完整约束,PTA,化工能化,long,2025-12-16,2025-12-29,4668.0,5122.0,9,0.0972579263067695,0.8666666666666667,tp3_main_turn_down
策略2_完整约束,棕榈油,油脂油料,long,2025-12-23,2026-01-05,8486.0,8488.0,7,0.00023568230025925054,0.5,tp3_main_turn_down
策略2_完整约束,沪铝,有色金属,long,2025-12-23,2026-01-09,22195.0,24385.0,11,0.09867087181797703,0.8333333333333334,tp3_main_turn_down
策略2_完整约束,PTA,化工能化,short,2025-12-30,2026-01-12,5144.0,5142.0,7,0.00038880248833592535,0.9333333333333333,tp3_main_turn_up
策略2_完整约束,玉米,农产品,short,2026-01-07,2026-01-09,2248.0,2263.0,2,-0.0066725978647686835,0.5,tp3_main_turn_up
策略2_完整约束,沪锌,有色金属,short,2026-01-12,2026-01-15,24175.0,25090.0,3,-0.03784901758014478,0.5333333333333333,tp3_main_turn_up
策略2_完整约束,焦煤,黑色系,long,2026-01-12,2026-01-15,1238.0,1187.5,3,-0.04079159935379645,0.8,tp3_main_turn_down
策略2_完整约束,沪金,贵金属,long,2026-01-13,2026-01-20,1030.44,1060.16,5,0.028842048057140662,0.8666666666666667,tp3_main_turn_down
策略2_完整约束,焦煤,黑色系,short,2026-01-16,2026-01-26,1171.0,1159.5,6,0.00982066609735269,0.8,tp3_main_turn_up
策略2_完整约束,豆粕,油脂油料,short,2026-01-16,2026-01-22,2727.0,2768.0,4,-0.015034836817015035,0.7666666666666667,tp3_main_turn_up
策略2_完整约束,沪锌,有色金属,short,2026-01-21,2026-01-27,24350.0,24950.0,4,-0.024640657084188913,0.8666666666666667,tp3_main_turn_up
策略2_完整约束,豆粕,油脂油料,long,2026-01-23,2026-01-30,2751.0,2767.0,5,0.0058160668847691745,0.7666666666666667,tp3_main_turn_down
策略2_完整约束,甲醇,化工能化,long,2026-01-27,2026-02-02,2304.0,2252.0,4,-0.022569444444444444,1.0,tp3_main_turn_down
策略2_完整约束,铁矿石,黑色系,long,2026-01-28,2026-02-03,783.0,777.5,4,-0.0070242656449553,0.8666666666666667,tp3_main_turn_down
策略2_完整约束,沪金,贵金属,short,2026-02-02,2026-02-10,1008.6,1121.22,6,-0.11165972635336109,0.9666666666666667,tp3_main_turn_up
策略2_完整约束,棕榈油,油脂油料,short,2026-02-03,2026-02-26,9094.0,8714.0,11,0.04178579283043765,1.0,tp3_main_turn_up
策略2_完整约束,沪锌,有色金属,short,2026-02-04,2026-02-12,24885.0,24670.0,6,0.008639742816958007,0.8,tp3_main_turn_up
策略2_完整约束,焦煤,黑色系,short,2026-02-11,2026-03-03,1123.5,1127.0,8,-0.003115264797507788,0.7333333333333333,tp3_main_turn_up
策略2_完整约束,沪铝,有色金属,long,2026-02-13,2026-03-13,23265.0,25070.0,14,0.07758435418009886,0.4,tp3_main_turn_down
策略2_完整约束,焦煤,黑色系,long,2026-03-04,2026-03-17,1097.0,1176.0,9,0.07201458523245215,0.8,tp3_main_turn_down
策略2_完整约束,甲醇,化工能化,long,2026-03-04,2026-03-10,2553.0,2549.0,4,-0.0015667841754798276,0.9666666666666667,tp3_main_turn_down
策略2_完整约束,PTA,化工能化,short,2026-03-16,2026-03-30,6982.0,6768.0,10,0.030650243483242624,0.26666666666666666,tp3_main_turn_up
策略2_完整约束,沪铝,有色金属,short,2026-03-17,2026-03-26,24990.0,23725.0,7,0.05062024809923969,0.7666666666666667,tp3_main_turn_up
策略2_完整约束,豆粕,油脂油料,short,2026-03-18,2026-03-31,3036.0,2915.0,9,0.03985507246376811,0.7333333333333333,tp3_main_turn_up
策略2_完整约束,沪锌,有色金属,long,2026-03-27,2026-04-07,23380.0,23730.0,6,0.014970059880239521,1.0,tp3_main_turn_down
策略2_完整约束,焦煤,黑色系,short,2026-03-31,2026-04-08,1148.5,1120.5,5,0.024379625598606878,1.0,tp3_main_turn_up
策略2_完整约束,棕榈油,油脂油料,short,2026-04-08,2026-04-20,9568.0,9486.0,8,0.008570234113712374,0.8,final_close
策略2_完整约束,沪铝,有色金属,short,2026-04-08,2026-04-14,24780.0,24960.0,4,-0.007263922518159807,0.7333333333333333,tp3_main_turn_up
策略2_完整约束,焦煤,黑色系,long,2026-04-09,2026-04-13,1077.0,1066.0,2,-0.01021355617455896,0.6333333333333333,tp3_main_turn_down
策略2_完整约束,沪金,贵金属,short,2026-04-14,2026-04-20,1052.82,1054.96,4,-0.0020326361581277904,0.23333333333333334,tp3_main_turn_up
策略2_完整约束,PTA,化工能化,long,2026-04-16,2026-04-20,6378.0,6306.0,2,-0.011288805268109126,1.0,final_close
策略2_仅3槽_无板块互斥,PTA,化工能化,short,2025-07-30,2025-08-08,4856.0,4684.0,7,0.03542009884678748,,tp3_main_turn_up
策略2_仅3槽_无板块互斥,橡胶,化工能化,short,2025-07-30,2025-08-06,14945.0,15495.0,5,-0.03680160588825694,,tp3_main_turn_up
策略2_仅3槽_无板块互斥,沪金,贵金属,short,2025-07-30,2025-08-04,773.78,781.42,3,-0.009873607485331731,,tp3_main_turn_up
策略2_仅3槽_无板块互斥,沪金,贵金属,long,2025-08-06,2025-08-11,783.68,779.48,3,-0.005359330338913755,,tp3_main_turn_down
策略2_仅3槽_无板块互斥,沪铝,有色金属,long,2025-08-07,2025-08-14,20750.0,20715.0,5,-0.0016867469879518072,,tp3_main_turn_down
策略2_仅3槽_无板块互斥,沪铜,有色金属,long,2025-08-11,2025-08-15,79020.0,79060.0,4,0.0005062009617818274,,tp3_main_turn_down
策略2_仅3槽_无板块互斥,PTA,化工能化,long,2025-08-12,2025-08-14,4726.0,4666.0,2,-0.012695725772323318,,tp3_main_turn_down
策略2_仅3槽_无板块互斥,橡胶,化工能化,short,2025-08-15,2025-08-27,15905.0,15760.0,8,0.009116629990569003,,tp3_main_turn_up
策略2_仅3槽_无板块互斥,焦煤,黑色系,short,2025-08-15,2025-08-25,1230.0,1215.5,6,0.011788617886178862,,tp3_main_turn_up
策略2_仅3槽_无板块互斥,沪铝,有色金属,short,2025-08-18,2025-08-22,20595.0,20630.0,4,-0.0016994416120417577,,tp3_main_turn_up
策略2_仅3槽_无板块互斥,玉米,农产品,long,2025-08-25,2025-09-09,2154.0,2214.0,11,0.027855153203342618,,tp3_main_turn_down
策略2_仅3槽_无板块互斥,沪金,贵金属,long,2025-08-26,2025-09-08,781.12,825.18,9,0.05640618598934856,,tp3_main_turn_down
策略2_仅3槽_无板块互斥,PTA,化工能化,short,2025-08-28,2025-09-09,4792.0,4678.0,8,0.02378964941569282,,tp3_main_turn_up
策略2_仅3槽_无板块互斥,焦煤,黑色系,long,2025-09-09,2025-09-22,1123.5,1217.5,9,0.08366711170449488,0.7666666666666667,tp3_main_turn_down
策略2_仅3槽_无板块互斥,沪铜,有色金属,short,2025-09-10,2025-09-12,79790.0,81060.0,2,-0.01591678155157288,0.5333333333333333,tp3_main_turn_up
策略2_仅3槽_无板块互斥,玉米,农产品,short,2025-09-10,2025-09-22,2197.0,2147.0,8,0.02275830678197542,0.7666666666666667,tp3_main_turn_up
策略2_仅3槽_无板块互斥,沪锌,有色金属,long,2025-09-15,2025-09-18,22310.0,22045.0,3,-0.011878081577767817,0.5333333333333333,tp3_main_turn_down
策略2_仅3槽_无板块互斥,沪铝,有色金属,short,2025-09-19,2025-09-26,20795.0,20745.0,5,0.0024044241404183697,1.0,tp3_main_turn_up
策略2_仅3槽_无板块互斥,焦煤,黑色系,short,2025-09-23,2025-10-15,1217.5,1151.0,10,0.05462012320328542,0.7,tp3_main_turn_up
策略2_仅3槽_无板块互斥,玉米,农产品,long,2025-09-24,2025-10-13,2164.0,2092.0,7,-0.033271719038817,0.16666666666666666,tp3_main_turn_down
策略2_仅3槽_无板块互斥,铁矿石,黑色系,short,2025-09-29,2025-10-13,784.0,804.5,4,-0.02614795918367347,0.9666666666666667,tp3_main_turn_up
策略2_仅3槽_无板块互斥,棕榈油,油脂油料,short,2025-10-17,2025-11-05,9308.0,8590.0,13,0.07713794585302965,0.8,tp3_main_turn_up
策略2_仅3槽_无板块互斥,焦煤,黑色系,long,2025-10-17,2025-10-27,1179.0,1263.5,6,0.07167090754877015,0.6,tp3_main_turn_down
策略2_仅3槽_无板块互斥,玉米,农产品,long,2025-10-17,2025-10-24,2117.0,2133.0,5,0.007557864903164856,0.5,tp3_main_turn_down
策略2_仅3槽_无板块互斥,沪锌,有色金属,long,2025-10-27,2025-10-30,22365.0,22365.0,3,0.0,0.9666666666666667,tp3_main_turn_down
策略2_仅3槽_无板块互斥,橡胶,化工能化,short,2025-10-31,2025-11-07,15085.0,14995.0,5,0.005966191581040769,0.7666666666666667,tp3_main_turn_up
策略2_仅3槽_无板块互斥,沪铝,有色金属,short,2025-10-31,2025-11-04,21300.0,21465.0,2,-0.007746478873239437,0.3333333333333333,tp3_main_turn_up
策略2_仅3槽_无板块互斥,铁矿石,黑色系,short,2025-11-05,2025-11-12,776.0,774.0,5,0.002577319587628866,1.0,tp3_main_turn_up
策略2_仅3槽_无板块互斥,棕榈油,油脂油料,long,2025-11-07,2025-11-14,8660.0,8644.0,5,-0.0018475750577367205,0.8666666666666667,tp3_main_turn_down
策略2_仅3槽_无板块互斥,豆粕,油脂油料,short,2025-11-10,2025-11-26,3063.0,3015.0,12,0.015670910871694418,0.7666666666666667,tp3_main_turn_up
策略2_仅3槽_无板块互斥,沪铜,有色金属,long,2025-11-13,2025-11-18,87550.0,85650.0,3,-0.021701884637350087,0.6666666666666666,tp3_main_turn_down
策略2_仅3槽_无板块互斥,沪金,贵金属,short,2025-11-18,2025-11-25,921.34,946.5,5,-0.027308051316560625,1.0,tp3_main_turn_up
策略2_仅3槽_无板块互斥,沪铝,有色金属,short,2025-11-19,2025-11-26,21570.0,21455.0,5,0.005331478905887807,0.9333333333333333,tp3_main_turn_up
策略2_仅3槽_无板块互斥,甲醇,化工能化,long,2025-11-26,2025-12-03,2094.0,2128.0,5,0.01623686723973257,0.9666666666666667,tp3_main_turn_down
策略2_仅3槽_无板块互斥,豆粕,油脂油料,long,2025-11-27,2025-12-04,3055.0,2833.0,5,-0.07266775777414075,0.8,tp3_main_turn_down
策略2_仅3槽_无板块互斥,沪铝,有色金属,long,2025-11-28,2025-12-09,21610.0,21825.0,7,0.00994909763998149,0.7333333333333333,tp3_main_turn_down
策略2_仅3槽_无板块互斥,甲醇,化工能化,short,2025-12-04,2025-12-12,2113.0,2099.0,6,0.006625650733554188,0.7333333333333333,tp3_main_turn_up
策略2_仅3槽_无板块互斥,沪金,贵金属,short,2025-12-05,2025-12-11,961.04,957.9,4,0.0032672937650878075,0.23333333333333334,tp3_main_turn_up
策略2_仅3槽_无板块互斥,PTA,化工能化,short,2025-12-10,2025-12-12,4616.0,4674.0,2,-0.012564991334488735,0.9666666666666667,tp3_main_turn_up
策略2_仅3槽_无板块互斥,焦煤,黑色系,short,2025-12-15,2025-12-16,1061.0,1067.5,1,-0.006126295947219604,0.9333333333333333,tp3_main_turn_up
策略2_仅3槽_无板块互斥,铁矿石,黑色系,long,2025-12-15,2025-12-25,753.0,778.5,8,0.03386454183266932,0.3333333333333333,tp3_main_turn_down
策略2_仅3槽_无板块互斥,豆粕,油脂油料,long,2025-12-16,2025-12-22,2777.0,2741.0,4,-0.012963629816348578,0.9666666666666667,tp3_main_turn_down
策略2_仅3槽_无板块互斥,甲醇,化工能化,long,2025-12-17,2025-12-24,2156.0,2172.0,5,0.0074211502782931356,0.8666666666666667,tp3_main_turn_down
策略2_仅3槽_无板块互斥,沪铝,有色金属,long,2025-12-23,2026-01-09,22195.0,24385.0,11,0.09867087181797703,0.8333333333333334,tp3_main_turn_down
策略2_仅3槽_无板块互斥,玉米,农产品,long,2025-12-25,2026-01-06,2189.0,2222.0,6,0.01507537688442211,0.8,tp3_main_turn_down
策略2_仅3槽_无板块互斥,铁矿石,黑色系,short,2025-12-26,2025-12-29,783.0,796.5,1,-0.017241379310344827,0.5666666666666667,tp3_main_turn_up
策略2_仅3槽_无板块互斥,PTA,化工能化,short,2025-12-30,2026-01-12,5144.0,5142.0,7,0.00038880248833592535,0.9333333333333333,tp3_main_turn_up
策略2_仅3槽_无板块互斥,玉米,农产品,short,2026-01-07,2026-01-09,2248.0,2263.0,2,-0.0066725978647686835,0.5,tp3_main_turn_up
策略2_仅3槽_无板块互斥,沪锌,有色金属,short,2026-01-12,2026-01-15,24175.0,25090.0,3,-0.03784901758014478,0.5333333333333333,tp3_main_turn_up
策略2_仅3槽_无板块互斥,焦煤,黑色系,long,2026-01-12,2026-01-15,1238.0,1187.5,3,-0.04079159935379645,0.8,tp3_main_turn_down
策略2_仅3槽_无板块互斥,沪金,贵金属,long,2026-01-13,2026-01-20,1030.44,1060.16,5,0.028842048057140662,0.8666666666666667,tp3_main_turn_down
策略2_仅3槽_无板块互斥,焦煤,黑色系,short,2026-01-16,2026-01-26,1171.0,1159.5,6,0.00982066609735269,0.8,tp3_main_turn_up
策略2_仅3槽_无板块互斥,铁矿石,黑色系,short,2026-01-16,2026-01-26,812.0,784.5,6,0.033866995073891626,0.8,tp3_main_turn_up
策略2_仅3槽_无板块互斥,沪锌,有色金属,short,2026-01-21,2026-01-27,24350.0,24950.0,4,-0.024640657084188913,0.8666666666666667,tp3_main_turn_up
策略2_仅3槽_无板块互斥,甲醇,化工能化,long,2026-01-27,2026-02-02,2304.0,2252.0,4,-0.022569444444444444,1.0,tp3_main_turn_down
策略2_仅3槽_无板块互斥,铁矿石,黑色系,long,2026-01-27,2026-02-03,788.0,777.5,5,-0.0133248730964467,0.9333333333333333,tp3_main_turn_down
策略2_仅3槽_无板块互斥,橡胶,化工能化,long,2026-01-28,2026-02-02,16360.0,15980.0,3,-0.023227383863080684,0.9333333333333333,tp3_main_turn_down
策略2_仅3槽_无板块互斥,棕榈油,油脂油料,short,2026-02-03,2026-02-26,9094.0,8714.0,11,0.04178579283043765,1.0,tp3_main_turn_up
策略2_仅3槽_无板块互斥,沪铝,有色金属,short,2026-02-03,2026-02-10,23810.0,23600.0,5,0.00881982360352793,0.9666666666666667,tp3_main_turn_up
策略2_仅3槽_无板块互斥,豆粕,油脂油料,short,2026-02-04,2026-02-09,2723.0,2729.0,3,-0.0022034520749173708,0.9333333333333333,tp3_main_turn_up
策略2_仅3槽_无板块互斥,焦煤,黑色系,short,2026-02-10,2026-03-03,1119.0,1127.0,9,-0.0071492403932082215,0.26666666666666666,tp3_main_turn_up
策略2_仅3槽_无板块互斥,豆粕,油脂油料,long,2026-02-12,2026-02-27,2790.0,2833.0,5,0.015412186379928316,1.0,tp3_main_turn_down
策略2_仅3槽_无板块互斥,橡胶,化工能化,short,2026-03-04,2026-03-10,16740.0,17115.0,4,-0.022401433691756272,0.7666666666666667,tp3_main_turn_up
策略2_仅3槽_无板块互斥,焦煤,黑色系,long,2026-03-04,2026-03-17,1097.0,1176.0,9,0.07201458523245215,0.8,tp3_main_turn_down
策略2_仅3槽_无板块互斥,甲醇,化工能化,long,2026-03-04,2026-03-10,2553.0,2549.0,4,-0.0015667841754798276,0.9666666666666667,tp3_main_turn_down
策略2_仅3槽_无板块互斥,PTA,化工能化,short,2026-03-16,2026-03-30,6982.0,6768.0,10,0.030650243483242624,0.26666666666666666,tp3_main_turn_up
策略2_仅3槽_无板块互斥,沪铝,有色金属,short,2026-03-17,2026-03-26,24990.0,23725.0,7,0.05062024809923969,0.7666666666666667,tp3_main_turn_up
策略2_仅3槽_无板块互斥,豆粕,油脂油料,short,2026-03-18,2026-03-31,3036.0,2915.0,9,0.03985507246376811,0.7333333333333333,tp3_main_turn_up
策略2_仅3槽_无板块互斥,沪锌,有色金属,long,2026-03-27,2026-04-07,23380.0,23730.0,6,0.014970059880239521,1.0,tp3_main_turn_down
策略2_仅3槽_无板块互斥,沪铝,有色金属,long,2026-03-31,2026-04-07,24875.0,24630.0,4,-0.00984924623115578,1.0,tp3_main_turn_down
策略2_仅3槽_无板块互斥,焦煤,黑色系,short,2026-04-01,2026-04-08,1114.5,1120.5,4,-0.005383580080753701,1.0,tp3_main_turn_up
策略2_仅3槽_无板块互斥,棕榈油,油脂油料,short,2026-04-08,2026-04-20,9568.0,9486.0,8,0.008570234113712374,0.8,final_close
策略2_仅3槽_无板块互斥,沪铝,有色金属,short,2026-04-08,2026-04-14,24780.0,24960.0,4,-0.007263922518159807,0.7333333333333333,tp3_main_turn_up
策略2_仅3槽_无板块互斥,豆粕,油脂油料,long,2026-04-09,2026-04-16,2971.0,2991.0,5,0.006731740154830024,0.9333333333333333,tp3_main_turn_down
策略2_仅3槽_无板块互斥,PTA,化工能化,long,2026-04-16,2026-04-20,6378.0,6306.0,2,-0.011288805268109126,1.0,final_close
策略2_仅3槽_无板块互斥,焦煤,黑色系,long,2026-04-17,2026-04-20,1226.0,1263.5,1,0.030587275693311582,1.0,final_close
策略2_仅板块互斥_6板块槽位,PTA,化工能化,short,2025-07-30,2025-08-08,4856.0,4684.0,7,0.03542009884678748,,tp3_main_turn_up
策略2_仅板块互斥_6板块槽位,沪金,贵金属,short,2025-07-30,2025-08-04,773.78,781.42,3,-0.009873607485331731,,tp3_main_turn_up
策略2_仅板块互斥_6板块槽位,沪铜,有色金属,short,2025-07-30,2025-08-05,78930.0,78580.0,4,0.0044343088812872165,,tp3_main_turn_up
策略2_仅板块互斥_6板块槽位,焦煤,黑色系,short,2025-07-30,2025-08-05,1232.5,1182.0,4,0.040973630831643,,tp3_main_turn_up
策略2_仅板块互斥_6板块槽位,沪金,贵金属,long,2025-08-06,2025-08-11,783.68,779.48,3,-0.005359330338913755,,tp3_main_turn_down
策略2_仅板块互斥_6板块槽位,沪铝,有色金属,long,2025-08-06,2025-08-14,20650.0,20715.0,6,0.0031476997578692495,,tp3_main_turn_down
策略2_仅板块互斥_6板块槽位,豆粕,油脂油料,long,2025-08-06,2025-08-18,3072.0,3155.0,8,0.027018229166666668,,tp3_main_turn_down
策略2_仅板块互斥_6板块槽位,PTA,化工能化,long,2025-08-12,2025-08-14,4726.0,4666.0,2,-0.012695725772323318,,tp3_main_turn_down
策略2_仅板块互斥_6板块槽位,沪金,贵金属,short,2025-08-13,2025-08-20,777.72,772.68,5,0.006480481407190348,,tp3_main_turn_up
策略2_仅板块互斥_6板块槽位,玉米,农产品,long,2025-08-13,2025-08-15,2212.0,2190.0,2,-0.009945750452079566,,tp3_main_turn_down
策略2_仅板块互斥_6板块槽位,焦煤,黑色系,short,2025-08-14,2025-08-25,1214.0,1215.5,7,-0.0012355848434925864,,tp3_main_turn_up
策略2_仅板块互斥_6板块槽位,橡胶,化工能化,short,2025-08-15,2025-08-27,15905.0,15760.0,8,0.009116629990569003,,tp3_main_turn_up
策略2_仅板块互斥_6板块槽位,沪铝,有色金属,short,2025-08-18,2025-08-22,20595.0,20630.0,4,-0.0016994416120417577,,tp3_main_turn_up
策略2_仅板块互斥_6板块槽位,豆粕,油脂油料,short,2025-08-19,2025-09-01,3161.0,3054.0,9,0.03385004745333755,,tp3_main_turn_up
策略2_仅板块互斥_6板块槽位,玉米,农产品,long,2025-08-25,2025-09-09,2154.0,2214.0,11,0.027855153203342618,,tp3_main_turn_down
策略2_仅板块互斥_6板块槽位,沪金,贵金属,long,2025-08-26,2025-09-08,781.12,825.18,9,0.05640618598934856,,tp3_main_turn_down
策略2_仅板块互斥_6板块槽位,沪铝,有色金属,long,2025-08-26,2025-09-01,20715.0,20645.0,4,-0.0033791938209027277,,tp3_main_turn_down
策略2_仅板块互斥_6板块槽位,铁矿石,黑色系,long,2025-08-26,2025-09-01,776.5,766.0,4,-0.013522215067611075,,tp3_main_turn_down
策略2_仅板块互斥_6板块槽位,PTA,化工能化,short,2025-08-28,2025-09-09,4792.0,4678.0,8,0.02378964941569282,,tp3_main_turn_up
策略2_仅板块互斥_6板块槽位,沪铝,有色金属,short,2025-09-03,2025-09-09,20710.0,20750.0,4,-0.001931434089811685,,tp3_main_turn_up
策略2_仅板块互斥_6板块槽位,豆粕,油脂油料,long,2025-09-03,2025-09-15,3066.0,3042.0,8,-0.007827788649706457,,tp3_main_turn_down
策略2_仅板块互斥_6板块槽位,焦煤,黑色系,long,2025-09-09,2025-09-22,1123.5,1217.5,9,0.08366711170449488,0.7666666666666667,tp3_main_turn_down
策略2_仅板块互斥_6板块槽位,PTA,化工能化,long,2025-09-10,2025-09-22,4698.0,4586.0,8,-0.023839931885908897,0.2,tp3_main_turn_down
策略2_仅板块互斥_6板块槽位,沪铜,有色金属,short,2025-09-10,2025-09-12,79790.0,81060.0,2,-0.01591678155157288,0.5333333333333333,tp3_main_turn_up
策略2_仅板块互斥_6板块槽位,玉米,农产品,short,2025-09-10,2025-09-22,2197.0,2147.0,8,0.02275830678197542,0.7666666666666667,tp3_main_turn_up
策略2_仅板块互斥_6板块槽位,沪金,贵金属,short,2025-09-11,2025-09-23,832.84,855.44,8,-0.027136064550213754,0.3,tp3_main_turn_up
策略2_仅板块互斥_6板块槽位,沪锌,有色金属,long,2025-09-15,2025-09-18,22310.0,22045.0,3,-0.011878081577767817,0.5333333333333333,tp3_main_turn_down
策略2_仅板块互斥_6板块槽位,豆粕,油脂油料,short,2025-09-17,2025-09-23,3002.0,2928.0,4,0.02465023317788141,0.8333333333333334,tp3_main_turn_up
策略2_仅板块互斥_6板块槽位,沪铝,有色金属,short,2025-09-19,2025-09-26,20795.0,20745.0,5,0.0024044241404183697,1.0,tp3_main_turn_up
策略2_仅板块互斥_6板块槽位,焦煤,黑色系,short,2025-09-23,2025-10-15,1217.5,1151.0,10,0.05462012320328542,0.7,tp3_main_turn_up
策略2_仅板块互斥_6板块槽位,玉米,农产品,long,2025-09-24,2025-10-13,2164.0,2092.0,7,-0.033271719038817,0.16666666666666666,tp3_main_turn_down
策略2_仅板块互斥_6板块槽位,豆粕,油脂油料,long,2025-09-26,2025-09-29,2937.0,2933.0,1,-0.001361933946203609,0.4666666666666667,tp3_main_turn_down
策略2_仅板块互斥_6板块槽位,甲醇,化工能化,long,2025-09-29,2025-10-21,2359.0,2268.0,10,-0.03857566765578635,0.13333333333333333,tp3_main_turn_down
策略2_仅板块互斥_6板块槽位,棕榈油,油脂油料,short,2025-10-17,2025-11-05,9308.0,8590.0,13,0.07713794585302965,0.8,tp3_main_turn_up
策略2_仅板块互斥_6板块槽位,焦煤,黑色系,long,2025-10-17,2025-10-27,1179.0,1263.5,6,0.07167090754877015,0.6,tp3_main_turn_down
策略2_仅板块互斥_6板块槽位,玉米,农产品,long,2025-10-17,2025-10-24,2117.0,2133.0,5,0.007557864903164856,0.5,tp3_main_turn_down
策略2_仅板块互斥_6板块槽位,沪锌,有色金属,short,2025-10-20,2025-10-22,21850.0,22000.0,2,-0.006864988558352402,0.9,tp3_main_turn_up
策略2_仅板块互斥_6板块槽位,橡胶,化工能化,long,2025-10-22,2025-10-31,15150.0,15085.0,7,-0.0042904290429042905,1.0,tp3_main_turn_down
策略2_仅板块互斥_6板块槽位,沪锌,有色金属,long,2025-10-24,2025-10-30,22355.0,22365.0,4,0.00044732721986132855,1.0,tp3_main_turn_down
策略2_仅板块互斥_6板块槽位,沪铝,有色金属,short,2025-10-31,2025-11-04,21300.0,21465.0,2,-0.007746478873239437,0.3333333333333333,tp3_main_turn_up
策略2_仅板块互斥_6板块槽位,橡胶,化工能化,short,2025-11-03,2025-11-07,15095.0,14995.0,4,0.006624710168930109,1.0,tp3_main_turn_up
策略2_仅板块互斥_6板块槽位,沪金,贵金属,long,2025-11-03,2025-11-17,922.58,932.32,10,0.010557350040104933,0.3,tp3_main_turn_down
策略2_仅板块互斥_6板块槽位,焦煤,黑色系,short,2025-11-04,2025-11-26,1253.0,1084.5,16,0.13447725458898643,0.36666666666666664,tp3_main_turn_up
策略2_仅板块互斥_6板块槽位,玉米,农产品,long,2025-11-04,2025-11-17,2135.0,2182.0,9,0.022014051522248244,0.8666666666666667,tp3_main_turn_down
策略2_仅板块互斥_6板块槽位,棕榈油,油脂油料,long,2025-11-07,2025-11-14,8660.0,8644.0,5,-0.0018475750577367205,0.8666666666666667,tp3_main_turn_down
策略2_仅板块互斥_6板块槽位,沪锌,有色金属,short,2025-11-11,2025-11-21,22675.0,22390.0,8,0.01256890848952591,0.7,tp3_main_turn_up
策略2_仅板块互斥_6板块槽位,橡胶,化工能化,long,2025-11-12,2025-11-18,15220.0,15295.0,4,0.00492772667542707,0.9666666666666667,tp3_main_turn_down
策略2_仅板块互斥_6板块槽位,沪金,贵金属,short,2025-11-18,2025-11-25,921.34,946.5,5,-0.027308051316560625,1.0,tp3_main_turn_up
策略2_仅板块互斥_6板块槽位,玉米,农产品,short,2025-11-18,2025-11-24,2168.0,2220.0,4,-0.023985239852398525,0.6666666666666666,tp3_main_turn_up
策略2_仅板块互斥_6板块槽位,甲醇,化工能化,long,2025-11-24,2025-12-03,2077.0,2128.0,7,0.02455464612421762,0.9333333333333333,tp3_main_turn_down
策略2_仅板块互斥_6板块槽位,豆粕,油脂油料,long,2025-11-27,2025-12-04,3055.0,2833.0,5,-0.07266775777414075,0.8,tp3_main_turn_down
策略2_仅板块互斥_6板块槽位,沪铝,有色金属,long,2025-11-28,2025-12-09,21610.0,21825.0,7,0.00994909763998149,0.7333333333333333,tp3_main_turn_down
策略2_仅板块互斥_6板块槽位,玉米,农产品,short,2025-12-02,2025-12-05,2243.0,2295.0,3,-0.0231832367365136,0.7666666666666667,tp3_main_turn_up
策略2_仅板块互斥_6板块槽位,沪金,贵金属,short,2025-12-04,2025-12-11,953.42,957.9,5,-0.0046988735289799025,0.2,tp3_main_turn_up
策略2_仅板块互斥_6板块槽位,甲醇,化工能化,short,2025-12-04,2025-12-12,2113.0,2099.0,6,0.006625650733554188,0.7333333333333333,tp3_main_turn_up
策略2_仅板块互斥_6板块槽位,棕榈油,油脂油料,short,2025-12-10,2025-12-22,8528.0,8414.0,8,0.013367729831144466,0.8,tp3_main_turn_up
策略2_仅板块互斥_6板块槽位,沪铝,有色金属,short,2025-12-10,2025-12-22,21990.0,22220.0,8,-0.010459299681673489,0.7666666666666667,tp3_main_turn_up
策略2_仅板块互斥_6板块槽位,玉米,农产品,short,2025-12-11,2025-12-17,2236.0,2206.0,4,0.013416815742397137,0.9666666666666667,tp3_main_turn_up
策略2_仅板块互斥_6板块槽位,焦煤,黑色系,short,2025-12-15,2025-12-16,1061.0,1067.5,1,-0.006126295947219604,0.9333333333333333,tp3_main_turn_up
策略2_仅板块互斥_6板块槽位,PTA,化工能化,long,2025-12-16,2025-12-29,4668.0,5122.0,9,0.0972579263067695,0.8666666666666667,tp3_main_turn_down
策略2_仅板块互斥_6板块槽位,棕榈油,油脂油料,long,2025-12-23,2026-01-05,8486.0,8488.0,7,0.00023568230025925054,0.5,tp3_main_turn_down
策略2_仅板块互斥_6板块槽位,沪铝,有色金属,long,2025-12-23,2026-01-09,22195.0,24385.0,11,0.09867087181797703,0.8333333333333334,tp3_main_turn_down
策略2_仅板块互斥_6板块槽位,玉米,农产品,long,2025-12-25,2026-01-06,2189.0,2222.0,6,0.01507537688442211,0.8,tp3_main_turn_down
策略2_仅板块互斥_6板块槽位,铁矿石,黑色系,short,2025-12-26,2025-12-29,783.0,796.5,1,-0.017241379310344827,0.5666666666666667,tp3_main_turn_up
策略2_仅板块互斥_6板块槽位,PTA,化工能化,short,2025-12-30,2026-01-12,5144.0,5142.0,7,0.00038880248833592535,0.9333333333333333,tp3_main_turn_up
策略2_仅板块互斥_6板块槽位,沪金,贵金属,short,2025-12-30,2026-01-08,984.84,997.94,5,-0.01330165306039562,0.9333333333333333,tp3_main_turn_up
策略2_仅板块互斥_6板块槽位,焦煤,黑色系,short,2025-12-30,2026-01-07,1119.5,1164.0,4,-0.03974988834301027,0.5666666666666667,tp3_main_turn_up
策略2_仅板块互斥_6板块槽位,玉米,农产品,short,2026-01-07,2026-01-09,2248.0,2263.0,2,-0.0066725978647686835,0.5,tp3_main_turn_up
策略2_仅板块互斥_6板块槽位,沪锌,有色金属,short,2026-01-12,2026-01-15,24175.0,25090.0,3,-0.03784901758014478,0.5333333333333333,tp3_main_turn_up
策略2_仅板块互斥_6板块槽位,焦煤,黑色系,long,2026-01-12,2026-01-15,1238.0,1187.5,3,-0.04079159935379645,0.8,tp3_main_turn_down
策略2_仅板块互斥_6板块槽位,橡胶,化工能化,short,2026-01-13,2026-01-23,15975.0,16315.0,8,-0.021283255086071987,0.6666666666666666,tp3_main_turn_up
策略2_仅板块互斥_6板块槽位,沪金,贵金属,long,2026-01-13,2026-01-20,1030.44,1060.16,5,0.028842048057140662,0.8666666666666667,tp3_main_turn_down
策略2_仅板块互斥_6板块槽位,豆粕,油脂油料,short,2026-01-14,2026-01-22,2751.0,2768.0,6,-0.0061795710650672485,0.7,tp3_main_turn_up
策略2_仅板块互斥_6板块槽位,玉米,农产品,short,2026-01-15,2026-01-26,2295.0,2293.0,7,0.0008714596949891067,0.2,tp3_main_turn_up
策略2_仅板块互斥_6板块槽位,焦煤,黑色系,short,2026-01-16,2026-01-26,1171.0,1159.5,6,0.00982066609735269,0.8,tp3_main_turn_up
策略2_仅板块互斥_6板块槽位,沪锌,有色金属,short,2026-01-20,2026-01-27,24410.0,24950.0,5,-0.02212208111429742,0.43333333333333335,tp3_main_turn_up
策略2_仅板块互斥_6板块槽位,豆粕,油脂油料,long,2026-01-23,2026-01-30,2751.0,2767.0,5,0.0058160668847691745,0.7666666666666667,tp3_main_turn_down
策略2_仅板块互斥_6板块槽位,甲醇,化工能化,long,2026-01-27,2026-02-02,2304.0,2252.0,4,-0.022569444444444444,1.0,tp3_main_turn_down
策略2_仅板块互斥_6板块槽位,铁矿石,黑色系,long,2026-01-27,2026-02-03,788.0,777.5,5,-0.0133248730964467,0.9333333333333333,tp3_main_turn_down
策略2_仅板块互斥_6板块槽位,沪铜,有色金属,long,2026-01-28,2026-02-03,103060.0,104500.0,4,0.01397244323694935,0.5666666666666667,tp3_main_turn_down
策略2_仅板块互斥_6板块槽位,玉米,农产品,short,2026-01-29,2026-02-05,2281.0,2273.0,5,0.0035072336694432268,0.5666666666666667,tp3_main_turn_up
策略2_仅板块互斥_6板块槽位,棕榈油,油脂油料,short,2026-02-02,2026-02-26,9014.0,8714.0,12,0.033281562014643884,0.8666666666666667,tp3_main_turn_up
策略2_仅板块互斥_6板块槽位,沪金,贵金属,short,2026-02-02,2026-02-10,1008.6,1121.22,6,-0.11165972635336109,0.9666666666666667,tp3_main_turn_up
策略2_仅板块互斥_6板块槽位,甲醇,化工能化,short,2026-02-03,2026-02-12,2247.0,2231.0,7,0.007120605251446373,0.9,tp3_main_turn_up
策略2_仅板块互斥_6板块槽位,沪锌,有色金属,short,2026-02-04,2026-02-12,24885.0,24670.0,6,0.008639742816958007,0.8,tp3_main_turn_up
策略2_仅板块互斥_6板块槽位,焦煤,黑色系,short,2026-02-09,2026-03-03,1147.0,1127.0,10,0.017436791630340016,0.4,tp3_main_turn_up
策略2_仅板块互斥_6板块槽位,玉米,农产品,long,2026-02-09,2026-02-26,2274.0,2342.0,7,0.02990325417766051,0.16666666666666666,tp3_main_turn_down
策略2_仅板块互斥_6板块槽位,沪铝,有色金属,long,2026-02-13,2026-03-13,23265.0,25070.0,14,0.07758435418009886,0.4,tp3_main_turn_down
策略2_仅板块互斥_6板块槽位,焦煤,黑色系,long,2026-03-04,2026-03-17,1097.0,1176.0,9,0.07201458523245215,0.8,tp3_main_turn_down
策略2_仅板块互斥_6板块槽位,甲醇,化工能化,long,2026-03-04,2026-03-10,2553.0,2549.0,4,-0.0015667841754798276,0.9666666666666667,tp3_main_turn_down
策略2_仅板块互斥_6板块槽位,PTA,化工能化,short,2026-03-16,2026-03-30,6982.0,6768.0,10,0.030650243483242624,0.26666666666666666,tp3_main_turn_up
策略2_仅板块互斥_6板块槽位,沪铝,有色金属,short,2026-03-17,2026-03-26,24990.0,23725.0,7,0.05062024809923969,0.7666666666666667,tp3_main_turn_up
策略2_仅板块互斥_6板块槽位,豆粕,油脂油料,short,2026-03-17,2026-03-31,3070.0,2915.0,10,0.050488599348534204,0.6333333333333333,tp3_main_turn_up
策略2_仅板块互斥_6板块槽位,铁矿石,黑色系,short,2026-03-18,2026-04-16,811.0,782.5,20,0.03514180024660912,0.1,tp3_main_turn_up
策略2_仅板块互斥_6板块槽位,沪金,贵金属,long,2026-03-26,2026-04-10,995.98,1048.36,10,0.05259141749834322,0.6666666666666666,tp3_main_turn_down
策略2_仅板块互斥_6板块槽位,沪锌,有色金属,long,2026-03-27,2026-04-07,23380.0,23730.0,6,0.014970059880239521,1.0,tp3_main_turn_down
策略2_仅板块互斥_6板块槽位,棕榈油,油脂油料,short,2026-04-08,2026-04-20,9568.0,9486.0,8,0.008570234113712374,0.8,final_close
策略2_仅板块互斥_6板块槽位,沪铝,有色金属,short,2026-04-08,2026-04-14,24780.0,24960.0,4,-0.007263922518159807,0.7333333333333333,tp3_main_turn_up
策略2_仅板块互斥_6板块槽位,橡胶,化工能化,short,2026-04-13,2026-04-20,16795.0,17080.0,5,-0.01696933611193808,0.7,final_close
策略2_仅板块互斥_6板块槽位,沪金,贵金属,short,2026-04-13,2026-04-20,1043.4,1054.96,5,-0.011079164270653578,0.2,tp3_main_turn_up
策略2_仅板块互斥_6板块槽位,焦煤,黑色系,long,2026-04-17,2026-04-20,1226.0,1263.5,1,0.030587275693311582,1.0,final_close
