pair,n,same_rate,opp_rate,binom_p_same,chi2_p,long_y_n,long_same_rate,short_y_n,short_same_rate,variety_id,variety_name,S
main~close,177,0.6101694915254238,0.3728813559322034,0.004156412582174464,0.001468866869845089,86,0.5930232558139535,88,0.6477272727272727,1,铁矿石,2
retail~close,177,0.3107344632768362,0.6666666666666666,5.194305648357268e-07,1.5839896110749293e-06,86,0.29069767441860467,88,0.3409090909090909,1,铁矿石,2
main~retail,177,0.23163841807909605,0.7627118644067796,4.240491398201389e-13,7.771135371355559e-13,82,0.18292682926829268,94,0.2765957446808511,1,铁矿石,2
main~close,174,0.6609195402298851,0.3333333333333333,2.6281626550885452e-05,1.3487529988758973e-05,88,0.6363636363636364,85,0.6941176470588235,1,铁矿石,3
retail~close,174,0.26436781609195403,0.7298850574712644,3.8977413934630375e-10,6.257364211322445e-10,88,0.20454545454545456,85,0.32941176470588235,1,铁矿石,3
main~retail,174,0.1839080459770115,0.8160919540229885,9.718725894710974e-18,1.6338884652588534e-17,76,0.10526315789473684,98,0.24489795918367346,1,铁矿石,3
main~close,171,0.7368421052631579,0.23391812865497075,4.4877481307442764e-10,1.2290035679188596e-11,90,0.7111111111111111,76,0.8157894736842105,1,铁矿石,4
retail~close,171,0.19298245614035087,0.7777777777777778,1.803938189938987e-16,1.218730684516303e-14,90,0.16666666666666666,76,0.23684210526315788,1,铁矿石,4
main~retail,171,0.16374269005847952,0.8362573099415205,8.738712701597344e-20,2.609919376060954e-19,75,0.08,96,0.22916666666666666,1,铁矿石,4
main~close,177,0.5988700564971752,0.3785310734463277,0.010397044402203244,0.0029476426661659604,86,0.6395348837209303,87,0.5862068965517241,2,螺纹钢,2
retail~close,177,0.3446327683615819,0.632768361581921,4.322989229221198e-05,0.00010530692662403226,86,0.3488372093023256,87,0.3563218390804598,2,螺纹钢,2
main~retail,177,0.2542372881355932,0.7457627118644068,4.101914510394749e-11,6.096067809371864e-11,87,0.28735632183908044,90,0.2222222222222222,2,螺纹钢,2
main~close,174,0.632183908045977,0.3563218390804598,0.0006052447871282058,0.00023757304280620174,85,0.6705882352941176,87,0.6091954022988506,2,螺纹钢,3
retail~close,174,0.3160919540229885,0.6724137931034483,1.376065667839387e-06,2.2165988304915704e-06,85,0.3058823529411765,87,0.3333333333333333,2,螺纹钢,3
main~retail,174,0.1896551724137931,0.8103448275862069,4.2279735721298745e-17,2.7067888800960015e-16,85,0.21176470588235294,89,0.16853932584269662,2,螺纹钢,3
main~close,171,0.7251461988304093,0.27485380116959063,3.3780750093631523e-09,4.509742513154227e-09,91,0.7362637362637363,80,0.7125,2,螺纹钢,4
retail~close,171,0.2807017543859649,0.7192982456140351,8.877609050360641e-09,8.80245143869804e-09,91,0.2967032967032967,80,0.2625,2,螺纹钢,4
main~retail,171,0.1695906432748538,0.8304093567251462,4.353417222970872e-19,4.822321836245583e-18,86,0.19767441860465115,85,0.1411764705882353,2,螺纹钢,4
main~close,177,0.5536723163841808,0.4406779661016949,0.17589930239341012,0.12401320677352645,84,0.5833333333333334,92,0.532608695652174,3,热卷,2
retail~close,177,0.3389830508474576,0.655367231638418,2.1995286919066494e-05,2.3838298641227685e-05,84,0.3333333333333333,92,0.34782608695652173,3,热卷,2
main~retail,177,0.3389830508474576,0.6610169491525424,2.1995286919066494e-05,1.8177727835761664e-05,88,0.36363636363636365,89,0.3146067415730337,3,热卷,2
main~close,174,0.6839080459770115,0.3045977011494253,1.376065667839387e-06,4.6440943132359206e-07,78,0.7051282051282052,94,0.6808510638297872,3,热卷,3
retail~close,174,0.29310344827586204,0.6954022988505747,4.7788627962880375e-08,8.951885814855676e-08,78,0.28205128205128205,94,0.30851063829787234,3,热卷,3
main~retail,174,0.3218390804597701,0.6781609195402298,2.9873726008990803e-06,2.6132846427518243e-06,88,0.3181818181818182,86,0.32558139534883723,3,热卷,3
main~close,171,0.6666666666666666,0.32748538011695905,1.5596123705589434e-05,9.093230533125634e-06,82,0.6585365853658537,88,0.6818181818181818,3,热卷,4
retail~close,171,0.26900584795321636,0.7251461988304093,1.2492231225254174e-09,2.3826392118145807e-09,82,0.2926829268292683,88,0.25,3,热卷,4
main~retail,171,0.3391812865497076,0.6608187134502924,3.1407517861889296e-05,2.7476358160608765e-05,90,0.3333333333333333,81,0.345679012345679,3,热卷,4
main~close,177,0.4463276836158192,0.5536723163841808,0.17589930239341012,0.14929218102200628,88,0.3977272727272727,89,0.4943820224719101,4,锰硅,2
retail~close,177,0.5536723163841808,0.4463276836158192,0.17589930239341012,0.15162164087901983,88,0.5795454545454546,89,0.5280898876404494,4,锰硅,2
main~retail,177,0.22598870056497175,0.7740112994350282,1.2527003243416766e-13,3.622718455354589e-13,93,0.1935483870967742,84,0.2619047619047619,4,锰硅,2
main~close,174,0.5172413793103449,0.4482758620689655,0.7047680231195158,0.34319273562387337,85,0.4823529411764706,83,0.5903614457831325,4,锰硅,3
retail~close,174,0.4425287356321839,0.5229885057471264,0.14954904000438268,0.27394757746179227,85,0.49411764705882355,83,0.42168674698795183,4,锰硅,3
main~retail,174,0.22988505747126436,0.7701149425287356,4.664600328532964e-13,1.2736670758478174e-12,93,0.21505376344086022,81,0.24691358024691357,4,锰硅,3
main~close,171,0.5906432748538012,0.40350877192982454,0.021506542463250306,0.009120202113251496,95,0.5473684210526316,75,0.6533333333333333,4,锰硅,4
retail~close,171,0.4152046783625731,0.5730994152046783,0.031954028592738,0.028483910020316625,95,0.45263157894736844,75,0.37333333333333335,4,锰硅,4
main~retail,171,0.17543859649122806,0.8187134502923976,2.0823268066276915e-18,3.87677775288488e-17,90,0.15555555555555556,80,0.2,4,锰硅,4
main~close,177,0.5988700564971752,0.384180790960452,0.010397044402203244,0.0037011026550143535,94,0.5957446808510638,80,0.625,5,沪铜,2
retail~close,177,0.327683615819209,0.6497175141242938,5.294914244749991e-06,2.0711296066924793e-05,94,0.2872340425531915,80,0.3875,5,沪铜,2
main~retail,177,0.24293785310734464,0.751412429378531,4.4289464995098345e-12,8.05114391452685e-12,77,0.2077922077922078,99,0.2727272727272727,5,沪铜,2
main~close,174,0.6609195402298851,0.3333333333333333,2.6281626550885452e-05,1.3314607801655594e-05,105,0.6476190476190476,68,0.6911764705882353,5,沪铜,3
retail~close,174,0.3390804597701149,0.6436781609195402,2.6281626550885452e-05,0.0001261334005084184,105,0.3142857142857143,68,0.38235294117647056,5,沪铜,3
main~retail,174,0.20114942528735633,0.7873563218390804,7.174418512431921e-16,7.154475233594615e-15,76,0.18421052631578946,96,0.21875,5,沪铜,3
main~close,171,0.7134502923976608,0.28654970760233917,2.2682561847150252e-08,1.3647098483971172e-08,100,0.68,71,0.7605633802816901,5,沪铜,4
retail~close,171,0.28654970760233917,0.7134502923976608,2.2682561847150252e-08,4.0590082044052405e-08,100,0.28,71,0.29577464788732394,5,沪铜,4
main~retail,171,0.1871345029239766,0.8128654970760234,4.234712747717793e-17,2.0175812067925274e-16,78,0.15384615384615385,93,0.21505376344086022,5,沪铜,4
main~close,177,0.6045197740112994,0.3785310734463277,0.006645653364320776,0.0027700417345812344,93,0.6344086021505376,81,0.5925925925925926,6,沪铝,2
retail~close,177,0.2994350282485876,0.6836158192090396,9.73048772250304e-08,3.5254161849350167e-07,93,0.25806451612903225,81,0.35802469135802467,6,沪铝,2
main~retail,177,0.192090395480226,0.807909604519774,4.193240929087843e-17,2.8156205198080105e-16,78,0.1794871794871795,99,0.20202020202020202,6,沪铝,2
main~close,174,0.7126436781609196,0.27011494252873564,1.930315429665159e-08,3.915971974229533e-09,100,0.71,71,0.7464788732394366,6,沪铝,3
retail~close,174,0.25287356321839083,0.7298850574712644,4.6665853814499044e-11,2.438933731949179e-10,100,0.27,71,0.23943661971830985,6,沪铝,3
main~retail,174,0.14367816091954022,0.8563218390804598,1.0880793975070687e-22,5.943493447546377e-21,82,0.14634146341463414,92,0.14130434782608695,6,沪铝,3
main~close,171,0.7602339181286549,0.23391812865497075,5.544444497509206e-12,1.4749539249514233e-12,102,0.7156862745098039,68,0.8382352941176471,6,沪铝,4
retail~close,171,0.23976608187134502,0.7543859649122807,5.544444497509206e-12,2.6006581310715782e-11,102,0.24509803921568626,68,0.23529411764705882,6,沪铝,4
main~retail,171,0.12280701754385964,0.8771929824561403,3.2951708416260697e-25,3.24818075063482e-23,78,0.07692307692307693,93,0.16129032258064516,6,沪铝,4
main~close,177,0.655367231638418,0.3333333333333333,4.322989229221198e-05,9.249989846366688e-06,97,0.6185567010309279,78,0.717948717948718,7,沪锌,2
retail~close,177,0.2994350282485876,0.6836158192090396,9.73048772250304e-08,3.218368103471197e-07,97,0.29896907216494845,78,0.3076923076923077,7,沪锌,2
main~retail,177,0.20903954802259886,0.7853107344632768,2.664970289875489e-15,7.902691917679631e-15,84,0.15476190476190477,92,0.2608695652173913,7,沪锌,2
main~close,174,0.6379310344827587,0.3563218390804598,0.0003389405285547461,0.00012873520106411877,96,0.6041666666666666,77,0.6883116883116883,7,沪锌,3
retail~close,174,0.28735632183908044,0.7011494252873564,1.930315429665159e-08,3.249308312872285e-08,96,0.3125,77,0.2597402597402597,7,沪锌,3
main~retail,174,0.20689655172413793,0.7873563218390804,2.802942608077484e-15,1.5243891707825746e-14,87,0.1839080459770115,86,0.23255813953488372,7,沪锌,3
main~close,171,0.6432748538011696,0.3391812865497076,0.00022108069170281278,3.6184602140596734e-05,91,0.6043956043956044,77,0.7142857142857143,7,沪锌,4
retail~close,171,0.30409356725146197,0.6783625730994152,3.2070796392642856e-07,5.827735404607074e-07,91,0.34065934065934067,77,0.2727272727272727,7,沪锌,4
main~retail,171,0.18128654970760233,0.8187134502923976,9.573452512776568e-18,7.2170239114497e-17,87,0.14942528735632185,84,0.21428571428571427,7,沪锌,4
main~close,177,0.6497175141242938,0.3050847457627119,8.295915395809707e-05,2.5770875604467015e-06,87,0.6666666666666666,82,0.6951219512195121,8,沪铅,2
retail~close,177,0.23163841807909605,0.7062146892655368,4.240491398201389e-13,6.76516048536824e-11,87,0.25287356321839083,82,0.23170731707317074,8,沪铅,2
main~retail,177,0.20903954802259886,0.7740112994350282,2.664970289875489e-15,3.5355172240915203e-14,89,0.20224719101123595,85,0.2235294117647059,8,沪铅,2
main~close,174,0.7241379310344828,0.27011494252873564,2.901034782387597e-09,1.8759072980706425e-09,86,0.7093023255813954,87,0.7471264367816092,8,沪铅,3
retail~close,174,0.21839080459770116,0.7701149425287356,3.862431051529525e-14,2.444631659708382e-13,86,0.23255813953488372,87,0.20689655172413793,8,沪铅,3
main~retail,174,0.22988505747126436,0.764367816091954,4.664600328532964e-13,1.568650874341071e-12,88,0.2159090909090909,85,0.24705882352941178,8,沪铅,3
main~close,171,0.7134502923976608,0.26900584795321636,2.2682561847150252e-08,3.5197799410248116e-09,87,0.6896551724137931,81,0.7654320987654321,8,沪铅,4
retail~close,171,0.1871345029239766,0.7894736842105263,4.234712747717793e-17,1.2727246168927008e-15,87,0.21839080459770116,81,0.16049382716049382,8,沪铅,4
main~retail,171,0.21052631578947367,0.783625730994152,1.1219334241242467e-14,5.645787355074339e-14,86,0.19767441860465115,84,0.2261904761904762,8,沪铅,4
main~close,177,0.6666666666666666,0.3333333333333333,1.092425334845219e-05,9.79439110248093e-06,91,0.6923076923076923,86,0.6395348837209303,9,沪锡,2
retail~close,177,0.3389830508474576,0.6610169491525424,2.1995286919066494e-05,1.8353233333617658e-05,91,0.34065934065934067,86,0.3372093023255814,9,沪锡,2
main~retail,177,0.1977401129943503,0.8022598870056498,1.732420325973539e-16,8.036927425130304e-16,88,0.22727272727272727,89,0.16853932584269662,9,沪锡,2
main~close,174,0.7241379310344828,0.27011494252873564,2.901034782387597e-09,1.891117262925156e-09,101,0.7128712871287128,72,0.75,9,沪锡,3
retail~close,174,0.3333333333333333,0.6609195402298851,1.3051948574184818e-05,5.4355076122829666e-06,101,0.38613861386138615,72,0.2638888888888889,9,沪锡,3
main~retail,174,0.16666666666666666,0.8333333333333334,9.388423957840485e-20,8.537276061071677e-19,92,0.20652173913043478,82,0.12195121951219512,9,沪锡,3
main~close,171,0.7543859649122807,0.24561403508771928,1.7408982267657085e-11,1.3276682968110746e-11,102,0.7156862745098039,69,0.8115942028985508,9,沪锡,4
retail~close,171,0.30994152046783624,0.6900584795321637,7.34792431939043e-07,2.699490267549901e-07,102,0.35294117647058826,69,0.2463768115942029,9,沪锡,4
main~retail,171,0.18128654970760233,0.8187134502923976,9.573452512776568e-18,7.342635878487581e-17,88,0.19318181818181818,83,0.1686746987951807,9,沪锡,4
main~close,177,0.5084745762711864,0.4915254237288136,0.8805599174040935,0.8264608378768104,90,0.5222222222222223,87,0.4942528735632184,10,工业硅,2
retail~close,177,0.536723163841808,0.4632768361581921,0.3671138447980256,0.32779248983618925,90,0.5333333333333333,87,0.5402298850574713,10,工业硅,2
main~retail,177,0.2824858757062147,0.7175141242937854,6.480862454151565e-09,7.124922747189296e-09,88,0.29545454545454547,89,0.2696629213483146,10,工业硅,2
main~close,174,0.5804597701149425,0.40229885057471265,0.040363102046086126,0.018202737110053727,88,0.6022727272727273,83,0.5783132530120482,10,工业硅,3
retail~close,174,0.4827586206896552,0.5,0.7047680231195158,0.8132300224715522,88,0.5,83,0.4819277108433735,10,工业硅,3
main~retail,174,0.3160919540229885,0.6839080459770115,1.376065667839387e-06,1.1361293861941445e-06,89,0.33707865168539325,85,0.29411764705882354,10,工业硅,3
main~close,171,0.5847953216374269,0.4093567251461988,0.031954028592738,0.021004345363115944,84,0.6071428571428571,86,0.5697674418604651,10,工业硅,4
retail~close,171,0.38596491228070173,0.6081871345029239,0.0035379775075490873,0.00360195486369975,84,0.40476190476190477,86,0.37209302325581395,10,工业硅,4
main~retail,171,0.3157894736842105,0.6842105263157895,1.639643676855498e-06,1.3016185716182187e-06,89,0.33707865168539325,82,0.2926829268292683,10,工业硅,4
main~close,177,0.5254237288135594,0.4745762711864407,0.5477509096395387,0.5291475293146803,84,0.4880952380952381,93,0.5591397849462365,11,多晶硅,2
retail~close,177,0.4971751412429379,0.4858757062146893,1.0,0.8724010246016843,84,0.5,93,0.4946236559139785,11,多晶硅,2
main~retail,177,0.24293785310734464,0.7401129943502824,4.4289464995098345e-12,2.4364304086687734e-11,88,0.2159090909090909,86,0.27906976744186046,11,多晶硅,2
main~close,174,0.5747126436781609,0.42528735632183906,0.05774745529642945,0.06591428046815034,80,0.5,94,0.6382978723404256,11,多晶硅,3
retail~close,174,0.4367816091954023,0.5632183908045977,0.11112046966151856,0.08708573015528744,80,0.4125,94,0.4574468085106383,11,多晶硅,3
main~retail,174,0.20689655172413793,0.7931034482758621,2.802942608077484e-15,2.9304380488707767e-15,84,0.11904761904761904,90,0.28888888888888886,11,多晶硅,3
main~close,171,0.5964912280701754,0.40350877192982454,0.01416227003559063,0.013280245328507582,81,0.5555555555555556,90,0.6333333333333333,11,多晶硅,4
retail~close,171,0.40350877192982454,0.5847953216374269,0.01416227003559063,0.01749807327981083,81,0.4074074074074074,90,0.4,11,多晶硅,4
main~retail,171,0.19298245614035087,0.7953216374269005,1.803938189938987e-16,2.1902622143463812e-15,86,0.16279069767441862,83,0.2289156626506024,11,多晶硅,4
main~close,177,0.4971751412429379,0.4915254237288136,1.0,0.9377568947059733,107,0.5233644859813084,68,0.47058823529411764,12,碳酸锂,2
retail~close,177,0.4293785310734463,0.559322033898305,0.07093821456094433,0.08329122552008031,107,0.4392523364485981,68,0.4264705882352941,12,碳酸锂,2
main~retail,177,0.2994350282485876,0.7005649717514124,9.73048772250304e-08,9.399022466723063e-08,88,0.3181818181818182,89,0.2808988764044944,12,碳酸锂,2
main~close,174,0.603448275862069,0.39080459770114945,0.007787929777679084,0.003234694258724868,110,0.5818181818181818,63,0.6507936507936508,12,碳酸锂,3
retail~close,174,0.3850574712643678,0.6091954022988506,0.002999944811506539,0.0022164455681172395,110,0.4090909090909091,63,0.3492063492063492,12,碳酸锂,3
main~retail,174,0.28160919540229884,0.7183908045977011,7.587354643605879e-09,8.315957322584312e-09,87,0.27586206896551724,87,0.28735632183908044,12,碳酸锂,3
main~close,171,0.672514619883041,0.3216374269005848,7.551730187471968e-06,2.4138469264644034e-06,101,0.6435643564356436,69,0.7246376811594203,12,碳酸锂,4
retail~close,171,0.34502923976608185,0.6491228070175439,6.16903575171755e-05,4.30459546810504e-05,101,0.37623762376237624,69,0.30434782608695654,12,碳酸锂,4
main~retail,171,0.2573099415204678,0.7426900584795322,1.5654765248120956e-10,2.1964189768347032e-10,86,0.2558139534883721,85,0.25882352941176473,12,碳酸锂,4
main~close,177,0.655367231638418,0.3446327683615819,4.322989229221198e-05,3.6809203487516204e-05,102,0.6470588235294118,75,0.6666666666666666,13,沪金,2
retail~close,177,0.2768361581920904,0.7231638418079096,2.4894955382320546e-09,2.6377525057462975e-09,102,0.29411764705882354,75,0.25333333333333335,13,沪金,2
main~retail,177,0.192090395480226,0.807909604519774,4.193240929087843e-17,2.6371250691881663e-16,86,0.19767441860465115,91,0.18681318681318682,13,沪金,2
main~close,174,0.7183908045977011,0.28160919540229884,7.587354643605879e-09,5.291335165169305e-09,106,0.6886792452830188,68,0.7647058823529411,13,沪金,3
retail~close,174,0.3218390804597701,0.6781609195402298,2.9873726008990803e-06,1.72822498176458e-06,106,0.3490566037735849,68,0.27941176470588236,13,沪金,3
main~retail,174,0.1781609195402299,0.8218390804597702,2.1517306533208597e-18,2.0660695753155844e-17,86,0.18604651162790697,88,0.17045454545454544,13,沪金,3
main~close,171,0.7660818713450293,0.23391812865497075,1.7112861409998903e-12,1.7036099480696561e-12,107,0.7289719626168224,64,0.828125,13,沪金,4
retail~close,171,0.24561403508771928,0.7543859649122807,1.7408982267657085e-11,1.5783398719534248e-11,107,0.2803738317757009,64,0.1875,13,沪金,4
main~retail,171,0.17543859649122806,0.8245614035087719,2.0823268066276915e-18,2.2388067049822323e-17,82,0.18292682926829268,89,0.16853932584269662,13,沪金,4
main~close,177,0.6440677966101694,0.3333333333333333,0.00015548082207836352,2.7739336610858568e-05,87,0.632183908045977,86,0.686046511627907,14,豆一,2
retail~close,177,0.2768361581920904,0.6949152542372882,2.4894955382320546e-09,1.6727886418058706e-08,87,0.27586206896551724,86,0.29069767441860467,14,豆一,2
main~retail,177,0.1751412429378531,0.8192090395480226,4.783872665402342e-19,7.740923695724934e-18,89,0.14606741573033707,87,0.20689655172413793,14,豆一,2
main~close,174,0.7011494252873564,0.28735632183908044,1.1516772913492153e-07,4.3519558367447214e-08,83,0.6867469879518072,89,0.7303370786516854,14,豆一,3
retail~close,174,0.3333333333333333,0.6551724137931034,1.3051948574184818e-05,1.9765283009743005e-05,83,0.3373493975903614,89,0.33707865168539325,14,豆一,3
main~retail,174,0.1724137931034483,0.8275862068965517,4.584170328699255e-19,5.219500143900374e-18,88,0.14772727272727273,86,0.19767441860465115,14,豆一,3
main~close,171,0.7426900584795322,0.24561403508771928,1.5654765248120956e-10,4.694246469188943e-11,90,0.7222222222222222,79,0.7848101265822784,14,豆一,4
retail~close,171,0.23391812865497075,0.7543859649122807,1.7112861409998903e-12,6.610123170486641e-12,90,0.25555555555555554,79,0.21518987341772153,14,豆一,4
main~retail,171,0.15204678362573099,0.847953216374269,3.1020881046391652e-21,8.782535924202222e-20,85,0.1411764705882353,86,0.16279069767441862,14,豆一,4
main~close,177,0.6101694915254238,0.3559322033898305,0.004156412582174464,0.0005778553593902475,86,0.627906976744186,85,0.6352941176470588,15,豆二,2
retail~close,177,0.327683615819209,0.632768361581921,5.294914244749991e-06,3.46731895788419e-05,86,0.3372093023255814,85,0.3411764705882353,15,豆二,2
main~retail,177,0.23728813559322035,0.7570621468926554,1.391524344688998e-12,4.017836313866681e-12,88,0.22727272727272727,88,0.25,15,豆二,2
main~close,174,0.6666666666666666,0.3103448275862069,1.3051948574184818e-05,1.638685631731245e-06,88,0.6477272727272727,82,0.7195121951219512,15,豆二,3
retail~close,174,0.3505747126436782,0.6206896551724138,9.902678209216967e-05,0.0003245273224978138,88,0.3409090909090909,82,0.3780487804878049,15,豆二,3
main~retail,174,0.2413793103448276,0.7528735632183908,4.96097119260616e-12,8.309127183669136e-12,82,0.1951219512195122,91,0.2857142857142857,15,豆二,3
main~close,171,0.7251461988304093,0.2631578947368421,3.3780750093631523e-09,8.775773742527786e-10,88,0.6931818181818182,81,0.7777777777777778,15,豆二,4
retail~close,171,0.3216374269005848,0.6666666666666666,3.564509052405045e-06,5.645459697922711e-06,88,0.32954545454545453,81,0.32098765432098764,15,豆二,4
main~retail,171,0.2631578947368421,0.7368421052631579,4.4877481307442764e-10,5.565899580347365e-10,86,0.23255813953488372,85,0.29411764705882354,15,豆二,4
main~close,177,0.5649717514124294,0.4124293785310734,0.0979297103970037,0.03787307017140099,91,0.5604395604395604,82,0.5975609756097561,16,豆油,2
retail~close,177,0.2994350282485876,0.6779661016949152,9.73048772250304e-08,3.5861852473119776e-07,91,0.3076923076923077,82,0.3048780487804878,16,豆油,2
main~retail,177,0.3502824858757062,0.6497175141242938,8.295915395809707e-05,6.246097576144602e-05,85,0.32941176470588235,92,0.3695652173913043,16,豆油,2
main~close,174,0.632183908045977,0.3620689655172414,0.0006052447871282058,0.00034573697633351677,88,0.625,85,0.6470588235294118,16,豆油,3
retail~close,174,0.27011494252873564,0.7241379310344828,1.0785770585804873e-09,1.8898289959367957e-09,88,0.23863636363636365,85,0.3058823529411765,16,豆油,3
main~retail,174,0.3333333333333333,0.6666666666666666,1.3051948574184818e-05,9.697898592802146e-06,80,0.3125,94,0.35106382978723405,16,豆油,3
main~close,171,0.7134502923976608,0.2807017543859649,2.2682561847150252e-08,6.6578538152759775e-09,94,0.6702127659574468,76,0.7763157894736842,16,豆油,4
retail~close,171,0.24561403508771928,0.7485380116959064,1.7408982267657085e-11,3.6579190457816476e-11,94,0.26595744680851063,76,0.2236842105263158,16,豆油,4
main~retail,171,0.32748538011695905,0.672514619883041,7.551730187471968e-06,5.873475272254237e-06,84,0.2976190476190476,87,0.3563218390804598,16,豆油,4
main~close,177,0.6214689265536724,0.3615819209039548,0.0015216911970620728,0.0004616263240807941,79,0.6455696202531646,95,0.6210526315789474,17,豆粕,2
retail~close,177,0.3220338983050847,0.6610169491525424,2.50389737820857e-06,2.853009646063658e-06,79,0.26582278481012656,95,0.37894736842105264,17,豆粕,2
main~retail,177,0.1638418079096045,0.8361581920903954,2.0044148326443054e-20,2.948195274059033e-19,81,0.13580246913580246,96,0.1875,17,豆粕,2
main~close,174,0.6724137931034483,0.3160919540229885,6.323060637759498e-06,2.260092091299131e-06,85,0.6470588235294118,87,0.7126436781609196,17,豆粕,3
retail~close,174,0.3045977011494253,0.6839080459770115,2.702667922101861e-07,3.675863981942014e-07,85,0.24705882352941178,87,0.367816091954023,17,豆粕,3
main~retail,174,0.1896551724137931,0.8103448275862069,4.2279735721298745e-17,7.206491658723488e-17,77,0.11688311688311688,97,0.24742268041237114,17,豆粕,3
main~close,171,0.7368421052631579,0.25146198830409355,4.4877481307442764e-10,1.3182241334045452e-10,85,0.6941176470588235,84,0.7976190476190477,17,豆粕,4
retail~close,171,0.3157894736842105,0.672514619883041,1.639643676855498e-06,2.59652742885068e-06,85,0.2823529411764706,84,0.35714285714285715,17,豆粕,4
main~retail,171,0.18128654970760233,0.8187134502923976,9.573452512776568e-18,1.8719611773678543e-17,78,0.10256410256410256,93,0.24731182795698925,17,豆粕,4
main~close,177,0.6214689265536724,0.3559322033898305,0.0015216911970620728,0.00039071908803874517,83,0.6024096385542169,90,0.6666666666666666,18,菜油,2
retail~close,177,0.3502824858757062,0.6271186440677966,8.295915395809707e-05,0.00020730767693333052,83,0.37349397590361444,90,0.34444444444444444,18,菜油,2
main~retail,177,0.23728813559322035,0.7627118644067796,1.391524344688998e-12,3.204897916514088e-12,93,0.21505376344086022,84,0.2619047619047619,18,菜油,2
main~close,174,0.7183908045977011,0.28160919540229884,7.587354643605879e-09,9.06961894068476e-09,84,0.6904761904761905,90,0.7444444444444445,18,菜油,3
retail~close,174,0.3275862068965517,0.6724137931034483,6.323060637759498e-06,5.571444177906418e-06,84,0.3333333333333333,90,0.32222222222222224,18,菜油,3
main~retail,174,0.22988505747126436,0.7701149425287356,4.664600328532964e-13,1.0480191042258316e-12,89,0.20224719101123595,85,0.25882352941176473,18,菜油,3
main~close,171,0.7719298245614035,0.2222222222222222,5.115953576649134e-13,6.920621185428142e-13,80,0.7375,90,0.8111111111111111,18,菜油,4
retail~close,171,0.3333333333333333,0.6608187134502924,1.5596123705589434e-05,2.2200936263373417e-05,80,0.3875,90,0.28888888888888886,18,菜油,4
main~retail,171,0.2573099415204678,0.7426900584795322,1.5654765248120956e-10,3.7752062971800696e-10,95,0.23157894736842105,76,0.2894736842105263,18,菜油,4
main~close,177,0.6666666666666666,0.3107344632768362,1.092425334845219e-05,1.8682160426440279e-06,80,0.675,93,0.6881720430107527,19,菜粕,2
retail~close,177,0.2824858757062147,0.6949152542372882,6.480862454151565e-09,2.352498009376798e-08,80,0.2625,93,0.3118279569892473,19,菜粕,2
main~retail,177,0.1751412429378531,0.8248587570621468,4.783872665402342e-19,4.755436006885031e-18,88,0.14772727272727273,89,0.20224719101123595,19,菜粕,2
main~close,174,0.6954022988505747,0.28735632183908044,2.702667922101861e-07,9.611709938184009e-08,76,0.6710526315789473,95,0.7368421052631579,19,菜粕,3
retail~close,174,0.27586206896551724,0.7068965517241379,2.901034782387597e-09,6.014133983606601e-09,76,0.23684210526315788,95,0.3157894736842105,19,菜粕,3
main~retail,174,0.20689655172413793,0.7931034482758621,2.802942608077484e-15,5.025453480556049e-15,84,0.14285714285714285,90,0.26666666666666666,19,菜粕,3
main~close,171,0.7426900584795322,0.25146198830409355,1.5654765248120956e-10,1.629685943151835e-10,72,0.75,98,0.7448979591836735,19,菜粕,4
retail~close,171,0.2631578947368421,0.7309941520467836,4.4877481307442764e-10,3.9000699013266246e-10,72,0.20833333333333334,98,0.30612244897959184,19,菜粕,4
main~retail,171,0.16374269005847952,0.8362573099415205,8.738712701597344e-20,9.688567835714837e-19,84,0.11904761904761904,87,0.20689655172413793,19,菜粕,4
main~close,177,0.6440677966101694,0.3446327683615819,0.00015548082207836352,5.9500081744411176e-05,87,0.6091954022988506,88,0.6931818181818182,20,棕榈油,2
retail~close,177,0.2711864406779661,0.7175141242937854,9.303678367009963e-10,2.1926501745521106e-09,87,0.3103448275862069,88,0.23863636363636365,20,棕榈油,2
main~retail,177,0.20903954802259886,0.7909604519774012,2.664970289875489e-15,1.3950608374859603e-14,96,0.1875,81,0.2345679012345679,20,棕榈油,2
main~close,174,0.7068965517241379,0.29310344827586204,4.7788627962880375e-08,4.775713742358597e-08,84,0.6309523809523809,90,0.7777777777777778,20,棕榈油,3
retail~close,174,0.2988505747126437,0.7011494252873564,1.1516772913492153e-07,1.215498614359602e-07,84,0.34523809523809523,90,0.25555555555555554,20,棕榈油,3
main~retail,174,0.1896551724137931,0.8103448275862069,4.2279735721298745e-17,4.793026597948347e-16,96,0.14583333333333334,78,0.24358974358974358,20,棕榈油,3
main~close,171,0.7894736842105263,0.2046783625730994,1.1219334241242467e-14,1.1106324242636091e-14,84,0.7261904761904762,86,0.8604651162790697,20,棕榈油,4
retail~close,171,0.21637426900584794,0.7777777777777778,4.14499606869775e-14,1.5627836321069217e-13,84,0.2619047619047619,86,0.1744186046511628,20,棕榈油,4
main~retail,171,0.1871345029239766,0.8128654970760234,4.234712747717793e-17,4.682397113846519e-16,94,0.14893617021276595,77,0.23376623376623376,20,棕榈油,4
main~close,177,0.5423728813559322,0.4011299435028249,0.29263710818802985,0.05560918281582624,87,0.5977011494252874,81,0.5432098765432098,21,玉米,2
retail~close,177,0.288135593220339,0.6610169491525424,1.642014869575504e-08,3.663225537616053e-07,87,0.2988505747126437,81,0.30864197530864196,21,玉米,2
main~retail,177,0.21468926553672316,0.7796610169491526,9.936808817177435e-15,4.632164649355566e-14,88,0.23863636363636365,89,0.19101123595505617,21,玉米,2
main~close,174,0.6264367816091954,0.3275862068965517,0.0010559135324063682,5.690149564589176e-05,85,0.6941176470588235,81,0.6172839506172839,21,玉米,3
retail~close,174,0.27586206896551724,0.6781609195402298,2.901034782387597e-09,5.750871458143162e-08,85,0.25882352941176473,81,0.32098765432098764,21,玉米,3
main~retail,174,0.20689655172413793,0.7931034482758621,2.802942608077484e-15,1.2144619058531681e-14,82,0.21951219512195122,92,0.1956521739130435,21,玉米,3
main~close,171,0.6491228070175439,0.3333333333333333,0.00011821832487370969,3.0360258944355396e-05,92,0.6521739130434783,76,0.6710526315789473,21,玉米,4
retail~close,171,0.2573099415204678,0.7251461988304093,1.5654765248120956e-10,7.834667592757458e-10,92,0.2608695652173913,76,0.2631578947368421,21,玉米,4
main~retail,171,0.21052631578947367,0.7894736842105263,1.1219334241242467e-14,3.6794579456760545e-14,83,0.20481927710843373,88,0.2159090909090909,21,玉米,4
main~close,177,0.5536723163841808,0.4350282485875706,0.17589930239341012,0.11105410162253376,83,0.5662650602409639,92,0.5543478260869565,22,鸡蛋,2
retail~close,177,0.4406779661016949,0.5480225988700564,0.1325341922381054,0.15581633732815603,83,0.4578313253012048,92,0.43478260869565216,22,鸡蛋,2
main~retail,177,0.2655367231638418,0.7344632768361582,3.3814103534423787e-10,4.3569723158253447e-10,92,0.2717391304347826,85,0.25882352941176473,22,鸡蛋,2
main~close,174,0.5804597701149425,0.41954022988505746,0.040363102046086126,0.034226001103572254,81,0.5802469135802469,93,0.5806451612903226,22,鸡蛋,3
retail~close,174,0.367816091954023,0.6264367816091954,0.0006052447871282058,0.0006396840965225383,81,0.37037037037037035,93,0.3655913978494624,22,鸡蛋,3
main~retail,174,0.26436781609195403,0.7298850574712644,3.8977413934630375e-10,7.450549191918433e-10,88,0.26136363636363635,85,0.27058823529411763,22,鸡蛋,3
main~close,171,0.6081871345029239,0.391812865497076,0.005745647150665605,0.004547308398224435,86,0.5813953488372093,85,0.6352941176470588,22,鸡蛋,4
retail~close,171,0.3333333333333333,0.6666666666666666,1.5596123705589434e-05,1.3107506583356908e-05,86,0.32558139534883723,85,0.3411764705882353,22,鸡蛋,4
main~retail,171,0.26900584795321636,0.7309941520467836,1.2492231225254174e-09,1.3386336509687061e-09,84,0.23809523809523808,87,0.2988505747126437,22,鸡蛋,4
main~close,177,0.5875706214689266,0.3785310734463277,0.023863795943825494,0.0047765252464724945,84,0.5833333333333334,87,0.632183908045977,23,棉花,2
retail~close,177,0.23728813559322035,0.7288135593220338,1.391524344688998e-12,2.67129756503112e-11,84,0.2261904761904762,87,0.26436781609195403,23,棉花,2
main~retail,177,0.22033898305084745,0.7796610169491526,3.585438715807412e-14,7.969570120771949e-14,87,0.1839080459770115,90,0.25555555555555554,23,棉花,2
main~close,174,0.6896551724137931,0.28735632183908044,6.178035816936492e-07,6.353577096794181e-08,88,0.6704545454545454,82,0.7439024390243902,23,棉花,3
retail~close,174,0.27011494252873564,0.7011494252873564,1.0785770585804873e-09,8.125432004267928e-09,88,0.2727272727272727,82,0.2804878048780488,23,棉花,3
main~retail,174,0.20689655172413793,0.7873563218390804,2.802942608077484e-15,1.2130365322388706e-14,86,0.16279069767441862,87,0.25287356321839083,23,棉花,3
main~close,171,0.7017543859649122,0.29239766081871343,1.3628378909728081e-07,2.014214439132535e-08,99,0.6464646464646465,71,0.7887323943661971,23,棉花,4
retail~close,171,0.2982456140350877,0.695906432748538,1.3628378909728081e-07,4.122765810940174e-08,99,0.36363636363636365,71,0.2112676056338028,23,棉花,4
main~retail,171,0.22807017543859648,0.7719298245614035,5.115953576649134e-13,1.4100214436164896e-12,92,0.21739130434782608,79,0.24050632911392406,23,棉花,4
main~close,177,0.5988700564971752,0.3898305084745763,0.010397044402203244,0.005916366294709662,83,0.5662650602409639,92,0.6413043478260869,24,白糖,2
retail~close,177,0.2994350282485876,0.6892655367231638,9.73048772250304e-08,1.9957482732051938e-07,83,0.3132530120481928,92,0.29347826086956524,24,白糖,2
main~retail,177,0.24293785310734464,0.7570621468926554,4.4289464995098345e-12,9.363975324349252e-12,93,0.21505376344086022,84,0.27380952380952384,24,白糖,2
main~close,174,0.6551724137931034,0.3390804597701149,5.163850933956167e-05,3.966360838106394e-05,80,0.6125,93,0.6989247311827957,24,白糖,3
retail~close,174,0.29310344827586204,0.7011494252873564,4.7788627962880375e-08,6.777988923448593e-08,80,0.2875,93,0.3010752688172043,24,白糖,3
main~retail,174,0.19540229885057472,0.8045977011494253,1.7731215882567742e-16,7.85122630209171e-16,89,0.14606741573033707,85,0.24705882352941178,24,白糖,3
main~close,171,0.7017543859649122,0.29239766081871343,1.3628378909728081e-07,7.668898362497901e-08,84,0.6666666666666666,86,0.7441860465116279,24,白糖,4
retail~close,171,0.2573099415204678,0.7368421052631579,1.5654765248120956e-10,3.1457759210908245e-10,84,0.2857142857142857,86,0.23255813953488372,24,白糖,4
main~retail,171,0.21052631578947367,0.7894736842105263,1.1219334241242467e-14,4.3298246422870954e-14,90,0.18888888888888888,81,0.2345679012345679,24,白糖,4
main~close,177,0.4576271186440678,0.5423728813559322,0.29263710818802985,0.30239704756233843,98,0.42857142857142855,79,0.4936708860759494,25,苹果,2
retail~close,177,0.5310734463276836,0.4689265536723164,0.4523583023636834,0.3739389902954954,98,0.5102040816326531,79,0.5569620253164557,25,苹果,2
main~retail,177,0.2937853107344633,0.7062146892655368,4.05038038196404e-08,2.940176558779226e-08,85,0.24705882352941178,92,0.33695652173913043,25,苹果,2
main~close,174,0.5517241379310345,0.4482758620689655,0.19733841594358556,0.13154814217844604,99,0.5151515151515151,75,0.6,25,苹果,3
retail~close,174,0.4885057471264368,0.5114942528735632,0.8201708574029798,0.7755908491731207,99,0.48484848484848486,75,0.49333333333333335,25,苹果,3
main~retail,174,0.28160919540229884,0.7183908045977011,7.587354643605879e-09,7.201380738901809e-09,86,0.2441860465116279,88,0.3181818181818182,25,苹果,3
main~close,171,0.5380116959064327,0.4502923976608187,0.358834215800844,0.19467366923693244,92,0.4891304347826087,77,0.6103896103896104,25,苹果,4
retail~close,171,0.47953216374269003,0.5087719298245614,0.6464833446153438,0.7146386870789865,92,0.4782608695652174,77,0.4935064935064935,25,苹果,4
main~retail,171,0.2573099415204678,0.7426900584795322,1.5654765248120956e-10,1.526777837512882e-10,84,0.20238095238095238,87,0.3103448275862069,25,苹果,4
main~close,177,0.5028248587570622,0.4915254237288136,1.0,0.8637596696571356,85,0.5294117647058824,91,0.4835164835164835,26,红枣,2
retail~close,177,0.5141242937853108,0.4745762711864407,0.7637740588658735,0.6269880711877767,85,0.47058823529411764,91,0.5604395604395604,26,红枣,2
main~retail,177,0.1977401129943503,0.7966101694915254,1.732420325973539e-16,1.516755208782089e-15,81,0.19753086419753085,95,0.2,26,红枣,2
main~close,174,0.5574712643678161,0.43103448275862066,0.14954904000438268,0.08755493010693989,79,0.5822784810126582,93,0.5483870967741935,26,红枣,3
retail~close,174,0.4425287356321839,0.5344827586206896,0.14954904000438268,0.1899765794552129,79,0.4050632911392405,93,0.4838709677419355,26,红枣,3
main~retail,174,0.15517241379310345,0.8333333333333334,3.482861931712209e-21,2.534245501203323e-19,79,0.1518987341772152,93,0.16129032258064516,26,红枣,3
main~close,171,0.5847953216374269,0.4093567251461988,0.031954028592738,0.01857351462145331,75,0.6133333333333333,95,0.5684210526315789,26,红枣,4
retail~close,171,0.4152046783625731,0.5789473684210527,0.031954028592738,0.023989925515128022,75,0.37333333333333335,95,0.45263157894736844,26,红枣,4
main~retail,171,0.19298245614035087,0.8070175438596491,1.803938189938987e-16,1.0152622083817245e-15,80,0.1875,91,0.1978021978021978,26,红枣,4
main~close,177,0.5084745762711864,0.4632768361581921,0.8805599174040935,0.5507642957624362,88,0.5454545454545454,84,0.5,27,花生,2
retail~close,177,0.4463276836158192,0.5084745762711864,0.17589930239341012,0.3959836277008148,88,0.4659090909090909,84,0.4523809523809524,27,花生,2
main~retail,177,0.1864406779661017,0.7966101694915254,9.793690299783024e-18,2.0021877557763923e-16,90,0.2222222222222222,84,0.15476190476190477,27,花生,2
main~close,174,0.4942528735632184,0.47126436781609193,0.939599371952146,0.6761033140231463,80,0.6,88,0.4318181818181818,27,花生,3
retail~close,174,0.47126436781609193,0.4827586206896552,0.4951688582884377,0.8721267314578867,80,0.4875,88,0.48863636363636365,27,花生,3
main~retail,174,0.1839080459770115,0.8045977011494253,9.718725894710974e-18,7.046060621670276e-17,86,0.26744186046511625,86,0.10465116279069768,27,花生,3
main~close,171,0.5380116959064327,0.4502923976608187,0.358834215800844,0.16938881575515524,73,0.6164383561643836,96,0.4895833333333333,27,花生,4
retail~close,171,0.45614035087719296,0.5321637426900585,0.2843136579753456,0.30773958701236853,73,0.4520547945205479,96,0.46875,27,花生,4
main~retail,171,0.16374269005847952,0.8362573099415205,8.738712701597344e-20,8.163489572455142e-19,86,0.22093023255813954,85,0.10588235294117647,27,花生,4
main~close,177,0.6779661016949152,0.3050847457627119,2.50389737820857e-06,5.292640935983686e-07,87,0.7241379310344828,87,0.6551724137931034,28,PTA,2
retail~close,177,0.3107344632768362,0.672316384180791,5.194305648357268e-07,1.2213141434456437e-06,87,0.3218390804597701,87,0.3103448275862069,28,PTA,2
main~retail,177,0.2033898305084746,0.7966101694915254,6.911855467506741e-16,2.525241937383737e-15,89,0.23595505617977527,88,0.17045454545454544,28,PTA,2
main~close,174,0.6724137931034483,0.3275862068965517,6.323060637759498e-06,5.6291018075128695e-06,89,0.6966292134831461,85,0.6470588235294118,28,PTA,3
retail~close,174,0.3218390804597701,0.6781609195402298,2.9873726008990803e-06,2.4812085388542187e-06,89,0.33707865168539325,85,0.3058823529411765,28,PTA,3
main~retail,174,0.21264367816091953,0.7873563218390804,1.05812967822162e-14,2.6780660362252846e-14,89,0.24719101123595505,85,0.17647058823529413,28,PTA,3
main~close,171,0.6783625730994152,0.3157894736842105,3.564509052405045e-06,1.638685631731245e-06,88,0.6477272727272727,82,0.7195121951219512,28,PTA,4
retail~close,171,0.30409356725146197,0.6900584795321637,3.2070796392642856e-07,3.377852488532841e-07,88,0.3409090909090909,82,0.2682926829268293,28,PTA,4
main~retail,171,0.19883040935672514,0.8011695906432749,7.407009786794126e-16,3.775587824082392e-15,90,0.18888888888888888,81,0.20987654320987653,28,PTA,4
main~close,177,0.6666666666666666,0.3333333333333333,1.092425334845219e-05,8.100915554644877e-06,92,0.6413043478260869,85,0.6941176470588235,29,对二甲苯,2
retail~close,177,0.2937853107344633,0.7062146892655368,4.05038038196404e-08,3.9209731900276295e-08,92,0.30434782608695654,85,0.2823529411764706,29,对二甲苯,2
main~retail,177,0.24293785310734464,0.7570621468926554,4.4289464995098345e-12,7.784006677310847e-12,89,0.2247191011235955,88,0.26136363636363635,29,对二甲苯,2
main~close,174,0.6494252873563219,0.3390804597701149,9.902678209216967e-05,3.120767895195318e-05,90,0.6222222222222222,82,0.6951219512195121,29,对二甲苯,3
retail~close,174,0.3045977011494253,0.6839080459770115,2.702667922101861e-07,4.142545004051287e-07,90,0.3333333333333333,82,0.2804878048780488,29,对二甲苯,3
main~retail,174,0.27011494252873564,0.7298850574712644,1.0785770585804873e-09,1.435806675482689e-09,90,0.24444444444444444,84,0.2976190476190476,29,对二甲苯,3
main~close,171,0.6608187134502924,0.3333333333333333,3.1407517861889296e-05,1.4814595624668447e-05,85,0.6,85,0.7294117647058823,29,对二甲苯,4
retail~close,171,0.29239766081871343,0.7017543859649122,5.636664667131688e-08,7.863118370330777e-08,85,0.3058823529411765,85,0.2823529411764706,29,对二甲苯,4
main~retail,171,0.22807017543859648,0.7719298245614035,5.115953576649134e-13,1.0165121091012329e-12,88,0.17045454545454544,83,0.2891566265060241,29,对二甲苯,4
main~close,177,0.6497175141242938,0.3502824858757062,8.295915395809707e-05,0.0001135724222748385,76,0.618421052631579,101,0.6732673267326733,30,聚丙烯,2
retail~close,177,0.3107344632768362,0.6892655367231638,5.194305648357268e-07,2.708205052618369e-07,76,0.2631578947368421,101,0.3465346534653465,30,聚丙烯,2
main~retail,177,0.24293785310734464,0.7570621468926554,4.4289464995098345e-12,4.820346228460156e-12,86,0.18604651162790697,91,0.2967032967032967,30,聚丙烯,2
main~close,174,0.6666666666666666,0.3275862068965517,1.3051948574184818e-05,6.4229421847844996e-06,85,0.5882352941176471,88,0.75,30,聚丙烯,3
retail~close,174,0.3390804597701149,0.6551724137931034,2.6281626550885452e-05,2.8293132520771603e-05,85,0.32941176470588235,88,0.3522727272727273,30,聚丙烯,3
main~retail,174,0.20689655172413793,0.7931034482758621,2.802942608077484e-15,3.114493994801691e-15,85,0.11764705882352941,89,0.29213483146067415,30,聚丙烯,3
main~close,171,0.6842105263157895,0.30409356725146197,1.639643676855498e-06,8.733339923884836e-07,76,0.6578947368421053,93,0.7204301075268817,30,聚丙烯,4
retail~close,171,0.28654970760233917,0.7017543859649122,2.2682561847150252e-08,3.1897502611714726e-08,76,0.25,93,0.3225806451612903,30,聚丙烯,4
main~retail,171,0.2046783625730994,0.7953216374269005,2.933903289448425e-15,6.013969360278824e-15,83,0.14457831325301204,88,0.26136363636363635,30,聚丙烯,4
main~close,177,0.5932203389830508,0.4067796610169492,0.015919925652419117,0.01347900273853198,87,0.5402298850574713,90,0.6444444444444445,31,苯乙烯,2
retail~close,177,0.3333333333333333,0.6666666666666666,1.092425334845219e-05,9.243827068794417e-06,87,0.3333333333333333,90,0.3333333333333333,31,苯乙烯,2
main~retail,177,0.3220338983050847,0.6779661016949152,2.50389737820857e-06,1.9859278176910484e-06,89,0.2696629213483146,88,0.375,31,苯乙烯,2
main~close,174,0.6781609195402298,0.3160919540229885,2.9873726008990803e-06,1.2234905313922782e-06,87,0.6091954022988506,86,0.7558139534883721,31,苯乙烯,3
retail~close,174,0.3620689655172414,0.632183908045977,0.0003389405285547461,0.00034743362862900965,87,0.3793103448275862,86,0.3488372093023256,31,苯乙烯,3
main~retail,174,0.28735632183908044,0.7126436781609196,1.930315429665159e-08,2.044189228250462e-08,90,0.2222222222222222,84,0.35714285714285715,31,苯乙烯,3
main~close,171,0.6608187134502924,0.3391812865497076,3.1407517861889296e-05,1.1222215516295835e-05,92,0.5869565217391305,79,0.7468354430379747,31,苯乙烯,4
retail~close,171,0.3684210526315789,0.631578947368421,0.000719328510547317,0.0004979344324882936,92,0.391304347826087,79,0.34177215189873417,31,苯乙烯,4
main~retail,171,0.25146198830409355,0.7485380116959064,5.300259557810075e-11,7.484971648932045e-11,88,0.19318181818181818,83,0.3132530120481928,31,苯乙烯,4
main~close,177,0.5875706214689266,0.4067796610169492,0.023863795943825494,0.018717688091808158,83,0.5421686746987951,93,0.6344086021505376,32,纯苯,2
retail~close,177,0.3333333333333333,0.6101694915254238,1.092425334845219e-05,0.0001415623088474165,83,0.3253012048192771,93,0.34408602150537637,32,纯苯,2
main~retail,177,0.2655367231638418,0.6836158192090396,3.3814103534423787e-10,7.596626379390554e-09,82,0.21951219512195122,86,0.3372093023255814,32,纯苯,2
main~close,174,0.6091954022988506,0.39080459770114945,0.004887778883883143,0.003155625190394397,91,0.5604395604395604,83,0.6626506024096386,32,纯苯,3
retail~close,174,0.3620689655172414,0.632183908045977,0.0003389405285547461,0.00036752664829587436,91,0.3516483516483517,83,0.37349397590361444,32,纯苯,3
main~retail,174,0.29310344827586204,0.7011494252873564,4.7788627962880375e-08,4.652563474141105e-08,84,0.23809523809523808,89,0.34831460674157305,32,纯苯,3
main~close,171,0.6257309941520468,0.3684210526315789,0.00125215675577238,0.0004598745989356607,92,0.5760869565217391,78,0.6923076923076923,32,纯苯,4
retail~close,171,0.34502923976608185,0.631578947368421,6.16903575171755e-05,0.0001770016623795892,92,0.33695652173913043,78,0.358974358974359,32,纯苯,4
main~retail,171,0.2631578947368421,0.7192982456140351,4.4877481307442764e-10,1.0783019139779268e-09,80,0.2125,88,0.3181818181818182,32,纯苯,4
main~close,177,0.6214689265536724,0.3785310734463277,0.0015216911970620728,0.002019172903317917,75,0.5866666666666667,102,0.6470588235294118,33,烧碱,2
retail~close,177,0.2824858757062147,0.7175141242937854,6.480862454151565e-09,3.28706662554339e-09,75,0.22666666666666666,102,0.3235294117647059,33,烧碱,2
main~retail,177,0.2542372881355932,0.7457627118644068,4.101914510394749e-11,3.879891306349309e-11,86,0.19767441860465115,91,0.3076923076923077,33,烧碱,2
main~close,174,0.6149425287356322,0.3735632183908046,0.002999944811506539,0.001620176172548624,65,0.6307692307692307,107,0.616822429906542,33,烧碱,3
retail~close,174,0.3103448275862069,0.6781609195402298,6.178035816936492e-07,3.95662151106778e-07,65,0.24615384615384617,107,0.35514018691588783,33,烧碱,3
main~retail,174,0.22988505747126436,0.7701149425287356,4.664600328532964e-13,8.70871431929485e-13,85,0.2,89,0.25842696629213485,33,烧碱,3
main~close,171,0.6432748538011696,0.3567251461988304,0.00022108069170281278,0.00010643795556932728,62,0.6935483870967742,109,0.6146788990825688,33,烧碱,4
retail~close,171,0.2631578947368421,0.7368421052631579,4.4877481307442764e-10,2.3618729909295996e-10,62,0.1935483870967742,109,0.30275229357798167,33,烧碱,4
main~retail,171,0.2222222222222222,0.7777777777777778,1.4805269604825363e-13,3.7076446043019113e-13,88,0.22727272727272727,83,0.21686746987951808,33,烧碱,4
main~close,177,0.5084745762711864,0.4632768361581921,0.8805599174040935,0.5406368412720821,85,0.5294117647058824,87,0.5172413793103449,34,尿素,2
retail~close,177,0.4858757062146893,0.4858757062146893,0.7637740588658735,0.9957526275098637,85,0.5176470588235295,87,0.4827586206896552,34,尿素,2
main~retail,177,0.23728813559322035,0.7627118644067796,1.391524344688998e-12,2.7911062435240887e-12,92,0.2391304347826087,85,0.23529411764705882,34,尿素,2
main~close,174,0.5459770114942529,0.42528735632183906,0.25541158164185745,0.10304994427494653,89,0.550561797752809,80,0.575,34,尿素,3
retail~close,174,0.40229885057471265,0.5689655172413793,0.012138156118372994,0.0223769500052021,89,0.449438202247191,80,0.375,34,尿素,3
main~retail,174,0.19540229885057472,0.8045977011494253,1.7731215882567742e-16,9.268357051133298e-16,93,0.20430107526881722,81,0.18518518518518517,34,尿素,3
main~close,171,0.5263157894736842,0.4502923976608187,0.5408115779969372,0.2637578107471866,90,0.4888888888888889,77,0.5974025974025974,34,尿素,4
retail~close,171,0.39766081871345027,0.5789473684210527,0.009122083075432035,0.014261757180003077,90,0.43333333333333335,77,0.37662337662337664,34,尿素,4
main~retail,171,0.19298245614035087,0.8070175438596491,1.803938189938987e-16,9.716647721795655e-16,88,0.1590909090909091,83,0.2289156626506024,34,尿素,4
main~close,177,0.5932203389830508,0.3898305084745763,0.015919925652419117,0.004632611756306751,91,0.5384615384615384,83,0.6746987951807228,35,橡胶,2
retail~close,177,0.2937853107344633,0.6892655367231638,4.05038038196404e-08,8.007794335121778e-08,91,0.34065934065934067,83,0.25301204819277107,35,橡胶,2
main~retail,177,0.22033898305084745,0.7796610169491526,3.585438715807412e-14,1.3945729472331395e-13,95,0.17894736842105263,82,0.2682926829268293,35,橡胶,2
main~close,174,0.6666666666666666,0.3218390804597701,1.3051948574184818e-05,2.2647817174458277e-06,95,0.6210526315789474,77,0.7402597402597403,35,橡胶,3
retail~close,174,0.3390804597701149,0.6494252873563219,2.6281626550885452e-05,1.8096966262405915e-05,95,0.4,77,0.2727272727272727,35,橡胶,3
main~retail,174,0.1781609195402299,0.8218390804597702,2.1517306533208597e-18,2.76158481726369e-17,95,0.16842105263157894,79,0.189873417721519,35,橡胶,3
main~close,171,0.7076023391812866,0.28654970760233917,5.636664667131688e-08,1.2175315285320148e-08,90,0.6333333333333333,80,0.8,35,橡胶,4
retail~close,171,0.3157894736842105,0.6783625730994152,1.639643676855498e-06,7.850743502388236e-07,90,0.4,80,0.225,35,橡胶,4
main~retail,171,0.23976608187134502,0.7602339181286549,5.544444497509206e-12,2.7700547612888823e-11,99,0.21212121212121213,72,0.2777777777777778,35,橡胶,4
main~close,177,0.6271186440677966,0.3615819209039548,0.0008903269100882559,0.00037491885035046004,87,0.5977011494252874,88,0.6704545454545454,36,丁二烯胶,2
retail~close,177,0.2768361581920904,0.7005649717514124,2.4894955382320546e-09,1.178729264633115e-08,87,0.27586206896551724,88,0.2840909090909091,36,丁二烯胶,2
main~retail,177,0.2542372881355932,0.7344632768361582,4.101914510394749e-11,9.826848677863938e-11,86,0.20930232558139536,89,0.30337078651685395,36,丁二烯胶,2
main~close,174,0.6379310344827587,0.3563218390804598,0.0003389405285547461,0.00014083948029335297,93,0.6021505376344086,80,0.6875,36,丁二烯胶,3
retail~close,174,0.3218390804597701,0.6724137931034483,2.9873726008990803e-06,2.6681038302551505e-06,93,0.3548387096774194,80,0.2875,36,丁二烯胶,3
main~retail,174,0.26436781609195403,0.735632183908046,3.8977413934630375e-10,5.497556478879008e-10,90,0.24444444444444444,84,0.2857142857142857,36,丁二烯胶,3
main~close,171,0.6842105263157895,0.2982456140350877,1.639643676855498e-06,1.3982807618327923e-07,96,0.6458333333333334,72,0.7638888888888888,36,丁二烯胶,4
retail~close,171,0.3216374269005848,0.6549707602339181,3.564509052405045e-06,1.0755343161364909e-05,96,0.3333333333333333,72,0.3194444444444444,36,丁二烯胶,4
main~retail,171,0.2222222222222222,0.7719298245614035,1.4805269604825363e-13,4.664746857792826e-13,82,0.1951219512195122,88,0.25,36,丁二烯胶,4
main~close,177,0.4632768361581921,0.4745762711864407,0.3671138447980256,0.8658470659320651,84,0.5357142857142857,82,0.45121951219512196,37,原木,2
retail~close,177,0.4915254237288136,0.423728813559322,0.8805599174040935,0.38341043887625403,84,0.5119047619047619,82,0.524390243902439,37,原木,2
main~retail,177,0.23163841807909605,0.7344632768361582,4.240491398201389e-13,9.230829002724646e-12,84,0.2857142857142857,87,0.19540229885057472,37,原木,2
main~close,174,0.47701149425287354,0.45977011494252873,0.5957764574073553,0.8218759299551451,83,0.5301204819277109,80,0.4875,37,原木,3
retail~close,174,0.4482758620689655,0.47701149425287354,0.19733841594358556,0.6938905016465827,83,0.46987951807228917,80,0.4875,37,原木,3
main~retail,174,0.23563218390804597,0.7528735632183908,1.5451427111939842e-12,6.239846598568114e-12,86,0.26744186046511625,86,0.20930232558139536,37,原木,3
main~close,171,0.6023391812865497,0.3684210526315789,0.009122083075432035,0.0020955002315781483,88,0.6363636363636364,78,0.6025641025641025,37,原木,4
retail~close,171,0.43859649122807015,0.5321637426900585,0.1259087711876438,0.1749683103927451,88,0.4659090909090909,78,0.4230769230769231,37,原木,4
main~retail,171,0.21052631578947367,0.7777777777777778,1.1219334241242467e-14,6.035908890958157e-14,89,0.24719101123595505,80,0.175,37,原木,4
main~close,177,0.6384180790960452,0.3446327683615819,0.0002846600434175881,7.859766428994223e-05,87,0.6206896551724138,87,0.6781609195402298,38,纸浆,2
retail~close,177,0.2768361581920904,0.7062146892655368,2.4894955382320546e-09,6.929532853281387e-09,87,0.3333333333333333,87,0.22988505747126436,38,纸浆,2
main~retail,177,0.20903954802259886,0.7909604519774012,2.664970289875489e-15,1.2275825202849662e-14,99,0.21212121212121213,78,0.20512820512820512,38,纸浆,2
main~close,174,0.6724137931034483,0.3103448275862069,6.323060637759498e-06,1.8448237558756391e-06,79,0.6582278481012658,92,0.7065217391304348,38,纸浆,3
retail~close,174,0.26436781609195403,0.7183908045977011,3.8977413934630375e-10,1.8024617197323568e-09,79,0.27848101265822783,92,0.2608695652173913,38,纸浆,3
main~retail,174,0.21264367816091953,0.7873563218390804,1.05812967822162e-14,4.346507568843001e-14,93,0.1935483870967742,81,0.2345679012345679,38,纸浆,3
main~close,171,0.6608187134502924,0.32748538011695905,3.1407517861889296e-05,1.734787677730732e-05,72,0.6527777777777778,97,0.6804123711340206,38,纸浆,4
retail~close,171,0.28654970760233917,0.7017543859649122,2.2682561847150252e-08,1.1141949174503241e-07,72,0.3333333333333333,97,0.25773195876288657,38,纸浆,4
main~retail,171,0.22807017543859648,0.7719298245614035,5.115953576649134e-13,1.831133727800824e-12,98,0.22448979591836735,73,0.2328767123287671,38,纸浆,4
main~close,177,0.4858757062146893,0.5141242937853108,0.7637740588658735,0.7169320394185521,94,0.4787234042553192,83,0.4939759036144578,39,上证,2
retail~close,177,0.4576271186440678,0.5310734463276836,0.29263710818802985,0.32164769653244185,94,0.46808510638297873,83,0.4457831325301205,39,上证,2
main~retail,177,0.2824858757062147,0.7062146892655368,6.480862454151565e-09,1.4303569623722452e-08,88,0.2727272727272727,87,0.2988505747126437,39,上证,2
main~close,174,0.5172413793103449,0.4827586206896552,0.7047680231195158,0.6440282290495312,89,0.5056179775280899,85,0.5294117647058824,39,上证,3
retail~close,174,0.46551724137931033,0.5344827586206896,0.40440330690941445,0.3609770554580343,89,0.47191011235955055,85,0.4588235294117647,39,上证,3
main~retail,174,0.2471264367816092,0.7528735632183908,1.5446770251824935e-11,2.5583747671904044e-11,88,0.23863636363636365,86,0.2558139534883721,39,上证,3
main~close,171,0.5614035087719298,0.4327485380116959,0.1259087711876438,0.09028250780660446,88,0.5568181818181818,82,0.573170731707317,39,上证,4
retail~close,171,0.391812865497076,0.6023391812865497,0.005745647150665605,0.005074140553383788,88,0.4318181818181818,82,0.35365853658536583,39,上证,4
main~retail,171,0.28654970760233917,0.7134502923976608,2.2682561847150252e-08,2.2811577372593875e-08,91,0.2967032967032967,80,0.275,39,上证,4
main~close,177,0.5819209039548022,0.4011299435028249,0.0350281541912074,0.015997204737735377,84,0.5714285714285714,90,0.6111111111111112,40,氧化铝,2
retail~close,177,0.3333333333333333,0.6497175141242938,1.092425334845219e-05,2.3730127249071667e-05,84,0.36904761904761907,90,0.3111111111111111,40,氧化铝,2
main~retail,177,0.2768361581920904,0.7231638418079096,2.4894955382320546e-09,3.057733445854608e-09,94,0.2765957446808511,83,0.27710843373493976,40,氧化铝,2
main~close,174,0.6781609195402298,0.3103448275862069,2.9873726008990803e-06,1.673364425814561e-06,73,0.6712328767123288,99,0.696969696969697,40,氧化铝,3
retail~close,174,0.367816091954023,0.6206896551724138,0.0006052447871282058,0.0010273716079650123,73,0.3835616438356164,99,0.36363636363636365,40,氧化铝,3
main~retail,174,0.22988505747126436,0.7701149425287356,4.664600328532964e-13,1.2490071556156962e-12,92,0.20652173913043478,82,0.25609756097560976,40,氧化铝,3
main~close,171,0.6900584795321637,0.2982456140350877,7.34792431939043e-07,3.9490848900104196e-07,67,0.7014925373134329,102,0.696078431372549,40,氧化铝,4
retail~close,171,0.29239766081871343,0.695906432748538,5.636664667131688e-08,1.0613723749295252e-07,67,0.26865671641791045,102,0.3137254901960784,40,氧化铝,4
main~retail,171,0.22807017543859648,0.7719298245614035,5.115953576649134e-13,1.2028873314251402e-12,88,0.20454545454545456,83,0.25301204819277107,40,氧化铝,4
main~close,177,0.615819209039548,0.3672316384180791,0.0025430157789314827,0.0008609907376244179,86,0.6046511627906976,88,0.6477272727272727,41,沪镍,2
retail~close,177,0.2711864406779661,0.7062146892655368,9.303678367009963e-10,4.70278556232705e-09,86,0.313953488372093,88,0.23863636363636365,41,沪镍,2
main~retail,177,0.23728813559322035,0.7570621468926554,1.391524344688998e-12,4.6171675204616485e-12,94,0.23404255319148937,82,0.24390243902439024,41,沪镍,2
main~close,174,0.6781609195402298,0.3103448275862069,2.9873726008990803e-06,1.1614647134644456e-06,82,0.6707317073170732,90,0.7,41,沪镍,3
retail~close,174,0.25287356321839083,0.7298850574712644,4.6665853814499044e-11,2.6296902760835956e-10,82,0.3048780487804878,90,0.2111111111111111,41,沪镍,3
main~retail,174,0.22413793103448276,0.7701149425287356,1.3641533276398109e-13,5.985246621721243e-13,96,0.22916666666666666,77,0.22077922077922077,41,沪镍,3
main~close,171,0.7368421052631579,0.2631578947368421,4.4877481307442764e-10,6.543093318200017e-10,82,0.6951219512195121,89,0.7752808988764045,41,沪镍,4
retail~close,171,0.21052631578947367,0.7894736842105263,1.1219334241242467e-14,4.0551345627353195e-14,82,0.24390243902439024,89,0.1797752808988764,41,沪镍,4
main~retail,171,0.1695906432748538,0.8304093567251462,4.353417222970872e-19,7.772310594644194e-18,93,0.15053763440860216,78,0.19230769230769232,41,沪镍,4
main~close,177,0.655367231638418,0.3446327683615819,4.322989229221198e-05,4.93306692644859e-05,105,0.6571428571428571,72,0.6527777777777778,42,沪银,2
retail~close,177,0.3163841807909605,0.6836158192090396,1.1549058927135466e-06,7.096350071801452e-07,105,0.34285714285714286,72,0.2777777777777778,42,沪银,2
main~retail,177,0.23163841807909605,0.768361581920904,4.240491398201389e-13,8.684077901666093e-13,88,0.26136363636363635,89,0.20224719101123595,42,沪银,2
main~close,174,0.7011494252873564,0.2988505747126437,1.1516772913492153e-07,1.017717883891816e-07,104,0.6826923076923077,70,0.7285714285714285,42,沪银,3
retail~close,174,0.3448275862068966,0.6551724137931034,5.163850933956167e-05,2.614499623766425e-05,104,0.375,70,0.3,42,沪银,3
main~retail,174,0.2413793103448276,0.7586206896551724,4.96097119260616e-12,8.337460285827142e-12,88,0.26136363636363635,86,0.22093023255813954,42,沪银,3
main~close,171,0.6608187134502924,0.3391812865497076,3.1407517861889296e-05,1.9836577156356857e-05,105,0.638095238095238,66,0.696969696969697,42,沪银,4
retail~close,171,0.3684210526315789,0.631578947368421,0.000719328510547317,0.00033235988362990894,105,0.4,66,0.3181818181818182,42,沪银,4
main~retail,171,0.23976608187134502,0.7602339181286549,5.544444497509206e-12,9.616974460083648e-12,87,0.25287356321839083,84,0.2261904761904762,42,沪银,4
main~close,177,0.559322033898305,0.4293785310734463,0.1325341922381054,0.08329122552008031,68,0.5735294117647058,107,0.5607476635514018,43,生猪,2
retail~close,177,0.4915254237288136,0.4915254237288136,0.8805599174040935,0.9143869797591433,68,0.5147058823529411,107,0.48598130841121495,43,生猪,2
main~retail,177,0.1977401129943503,0.7966101694915254,1.732420325973539e-16,1.3885103382929242e-15,91,0.1978021978021978,85,0.2,43,生猪,2
main~close,174,0.5517241379310345,0.4425287356321839,0.19733841594358556,0.194189439851541,68,0.5294117647058824,105,0.5714285714285714,43,生猪,3
retail~close,174,0.4425287356321839,0.5402298850574713,0.14954904000438268,0.27946810588937865,68,0.4852941176470588,105,0.41904761904761906,43,生猪,3
main~retail,174,0.15517241379310345,0.8333333333333334,3.482861931712209e-21,2.6941325592092627e-19,94,0.1595744680851064,78,0.15384615384615385,43,生猪,3
main~close,171,0.5847953216374269,0.4093567251461988,0.031954028592738,0.02641095106176279,63,0.5873015873015873,107,0.5887850467289719,43,生猪,4
retail~close,171,0.4327485380116959,0.5614035087719298,0.09220360536584907,0.13258514365200946,63,0.4603174603174603,107,0.4205607476635514,43,生猪,4
main~retail,171,0.1286549707602339,0.8713450292397661,2.266430012873203e-24,2.9829088325749277e-22,92,0.13043478260869565,79,0.12658227848101267,43,生猪,4
main~close,177,0.615819209039548,0.3672316384180791,0.0025430157789314827,0.0008187941767913827,88,0.6022727272727273,86,0.6511627906976745,44,燃油,2
retail~close,177,0.3107344632768362,0.672316384180791,5.194305648357268e-07,1.2213141434456437e-06,88,0.3181818181818182,86,0.313953488372093,44,燃油,2
main~retail,177,0.2768361581920904,0.7231638418079096,2.4894955382320546e-09,2.805479872818922e-09,88,0.26136363636363635,89,0.29213483146067415,44,燃油,2
main~close,174,0.5862068965517241,0.40804597701149425,0.027626051149794974,0.01847482968661767,87,0.5977011494252874,86,0.5813953488372093,44,燃油,3
retail~close,174,0.3850574712643678,0.6091954022988506,0.002999944811506539,0.003013742479636113,87,0.3563218390804598,86,0.4186046511627907,44,燃油,3
main~retail,174,0.26436781609195403,0.735632183908046,3.8977413934630375e-10,5.023193887063416e-10,82,0.25609756097560976,92,0.2717391304347826,44,燃油,3
main~close,171,0.5906432748538012,0.4093567251461988,0.021506542463250306,0.017511345312550646,82,0.5975609756097561,89,0.5842696629213483,44,燃油,4
retail~close,171,0.3508771929824561,0.6491228070175439,0.00011821832487370969,8.82990960537582e-05,82,0.32926829268292684,89,0.3707865168539326,44,燃油,4
main~retail,171,0.26900584795321636,0.7309941520467836,1.2492231225254174e-09,1.5246902392266697e-09,83,0.26506024096385544,88,0.2727272727272727,44,燃油,4
main~close,177,0.5988700564971752,0.4011299435028249,0.010397044402203244,0.007661657937487922,95,0.5789473684210527,82,0.6219512195121951,45,低硫燃油,2
retail~close,177,0.327683615819209,0.6610169491525424,5.294914244749991e-06,4.049814884798414e-06,95,0.3894736842105263,82,0.25609756097560976,45,低硫燃油,2
main~retail,177,0.3389830508474576,0.6497175141242938,2.1995286919066494e-05,3.440407724780713e-05,96,0.34375,79,0.34177215189873417,45,低硫燃油,2
main~close,174,0.6839080459770115,0.3103448275862069,1.376065667839387e-06,5.666558314296733e-07,91,0.6483516483516484,82,0.7317073170731707,45,低硫燃油,3
retail~close,174,0.3218390804597701,0.6724137931034483,2.9873726008990803e-06,3.2145119422966616e-06,91,0.34065934065934067,82,0.3048780487804878,45,低硫燃油,3
main~retail,174,0.27586206896551724,0.7241379310344828,2.901034782387597e-09,3.32648792810973e-09,88,0.25,86,0.3023255813953488,45,低硫燃油,3
main~close,171,0.6900584795321637,0.30994152046783624,7.34792431939043e-07,6.486263656186701e-07,80,0.7,91,0.6813186813186813,45,低硫燃油,4
retail~close,171,0.3216374269005848,0.6783625730994152,3.564509052405045e-06,3.543080107122207e-06,80,0.3375,91,0.3076923076923077,45,低硫燃油,4
main~retail,171,0.2573099415204678,0.7426900584795322,1.5654765248120956e-10,2.124556304501114e-10,90,0.26666666666666666,81,0.24691358024691357,45,低硫燃油,4
main~close,177,0.5819209039548022,0.4067796610169492,0.0350281541912074,0.02052825380223036,82,0.573170731707317,93,0.6021505376344086,46,甲醇,2
retail~close,177,0.3220338983050847,0.6666666666666666,2.50389737820857e-06,3.5647685652038253e-06,82,0.3048780487804878,93,0.34408602150537637,46,甲醇,2
main~retail,177,0.3672316384180791,0.632768361581921,0.0005092331512842402,0.00039831834858679955,88,0.3409090909090909,89,0.39325842696629215,46,甲醇,2
main~close,174,0.632183908045977,0.367816091954023,0.0006052447871282058,0.0005456089956829169,81,0.6172839506172839,93,0.6451612903225806,46,甲醇,3
retail~close,174,0.367816091954023,0.632183908045977,0.0006052447871282058,0.0006120037290540329,81,0.4074074074074074,93,0.3333333333333333,46,甲醇,3
main~retail,174,0.3563218390804598,0.6436781609195402,0.00018539573081869726,0.00017363033240236532,95,0.3473684210526316,79,0.3670886075949367,46,甲醇,3
main~close,171,0.6491228070175439,0.3391812865497076,0.00011821832487370969,5.668186293631461e-05,79,0.620253164556962,90,0.6888888888888889,46,甲醇,4
retail~close,171,0.3391812865497076,0.6491228070175439,3.1407517861889296e-05,5.668186293631446e-05,79,0.379746835443038,90,0.3111111111111111,46,甲醇,4
main~retail,171,0.3333333333333333,0.6666666666666666,1.5596123705589434e-05,1.7028230389541094e-05,92,0.30434782608695654,79,0.3670886075949367,46,甲醇,4
main~close,177,0.672316384180791,0.3220338983050847,5.294914244749991e-06,2.77299416859396e-06,78,0.6923076923076923,98,0.6632653061224489,47,PVC,2
retail~close,177,0.2768361581920904,0.7175141242937854,2.4894955382320546e-09,2.3292234699405583e-09,78,0.23076923076923078,98,0.3163265306122449,47,PVC,2
main~retail,177,0.22598870056497175,0.7740112994350282,1.2527003243416766e-13,2.850036976850768e-13,86,0.20930232558139536,91,0.24175824175824176,47,PVC,2
main~close,174,0.6839080459770115,0.3103448275862069,1.376065667839387e-06,7.105126599761613e-07,79,0.6962025316455697,95,0.6736842105263158,47,PVC,3
retail~close,174,0.28735632183908044,0.7126436781609196,1.930315429665159e-08,1.4849456239061829e-08,79,0.25316455696202533,95,0.3157894736842105,47,PVC,3
main~retail,174,0.20689655172413793,0.7873563218390804,2.802942608077484e-15,1.5724928044616724e-14,85,0.2,89,0.21348314606741572,47,PVC,3
main~close,171,0.7134502923976608,0.28654970760233917,2.2682561847150252e-08,2.4488909523096055e-08,76,0.7236842105263158,95,0.7052631578947368,47,PVC,4
retail~close,171,0.24561403508771928,0.7543859649122807,1.7408982267657085e-11,6.246616722014114e-12,76,0.15789473684210525,95,0.3157894736842105,47,PVC,4
main~retail,171,0.23976608187134502,0.7602339181286549,5.544444497509206e-12,5.942200920627053e-12,77,0.19480519480519481,94,0.2765957446808511,47,PVC,4
main~close,177,0.6214689265536724,0.3559322033898305,0.0015216911970620728,0.00029604683101243265,82,0.6707317073170732,91,0.6043956043956044,48,纯碱,2
retail~close,177,0.2937853107344633,0.6836158192090396,4.05038038196404e-08,1.2560960156787673e-07,82,0.2682926829268293,91,0.32967032967032966,48,纯碱,2
main~retail,177,0.24858757062146894,0.751412429378531,1.367927760737329e-11,2.514755258847371e-11,84,0.2619047619047619,93,0.23655913978494625,48,纯碱,2
main~close,174,0.6954022988505747,0.28160919540229884,2.702667922101861e-07,2.1699788618153297e-08,78,0.7564102564102564,92,0.6739130434782609,48,纯碱,3
retail~close,174,0.26436781609195403,0.7126436781609196,3.8977413934630375e-10,9.826292234703163e-10,78,0.20512820512820512,92,0.32608695652173914,48,纯碱,3
main~retail,174,0.22413793103448276,0.7758620689655172,1.3641533276398109e-13,4.146727356170492e-13,79,0.22784810126582278,95,0.22105263157894736,48,纯碱,3
main~close,171,0.7368421052631579,0.2573099415204678,4.4877481307442764e-10,2.732907896120978e-10,82,0.7682926829268293,88,0.7159090909090909,48,纯碱,4
retail~close,171,0.2573099415204678,0.7368421052631579,1.5654765248120956e-10,2.4344662462354466e-10,82,0.21951219512195122,88,0.29545454545454547,48,纯碱,4
main~retail,171,0.1871345029239766,0.8128654970760234,4.234712747717793e-17,3.037703256198719e-16,80,0.1875,91,0.18681318681318682,48,纯碱,4
main~close,177,0.6666666666666666,0.3107344632768362,1.092425334845219e-05,1.0935596998544271e-06,76,0.7236842105263158,97,0.6494845360824743,49,玻璃,2
retail~close,177,0.24858757062146894,0.7288135593220338,1.367927760737329e-11,1.7318870620921343e-10,76,0.27631578947368424,97,0.23711340206185566,49,玻璃,2
main~retail,177,0.22033898305084745,0.7796610169491526,3.585438715807412e-14,5.68589874118415e-14,97,0.25773195876288657,80,0.175,49,玻璃,2
main~close,174,0.6436781609195402,0.3390804597701149,0.00018539573081869726,3.124029320259229e-05,71,0.6901408450704225,101,0.6237623762376238,49,玻璃,3
retail~close,174,0.26436781609195403,0.7241379310344828,3.8977413934630375e-10,1.682684194455143e-09,71,0.2676056338028169,101,0.26732673267326734,49,玻璃,3
main~retail,174,0.1896551724137931,0.8045977011494253,4.2279735721298745e-17,2.608070976219543e-16,94,0.22340425531914893,80,0.15,49,玻璃,3
main~close,171,0.6666666666666666,0.3216374269005848,1.5596123705589434e-05,5.441096915500885e-06,69,0.6956521739130435,100,0.66,49,玻璃,4
retail~close,171,0.23976608187134502,0.7485380116959064,5.544444497509206e-12,1.5947871441494484e-11,69,0.2028985507246377,100,0.27,49,玻璃,4
main~retail,171,0.17543859649122806,0.8245614035087719,2.0823268066276915e-18,2.1209541413558608e-17,87,0.1724137931034483,84,0.17857142857142858,49,玻璃,4
main~close,177,0.6949152542372882,0.2994350282485876,2.2773697171148155e-07,1.1312974944673804e-07,79,0.7215189873417721,97,0.6804123711340206,50,塑料,2
retail~close,177,0.3050847457627119,0.6892655367231638,2.2773697171148155e-07,1.6173635466340126e-07,79,0.25316455696202533,97,0.35051546391752575,50,塑料,2
main~retail,177,0.20903954802259886,0.7909604519774012,2.664970289875489e-15,8.769668309138086e-15,84,0.19047619047619047,93,0.22580645161290322,50,塑料,2
main~close,174,0.6666666666666666,0.3333333333333333,1.3051948574184818e-05,1.1518933448436982e-05,84,0.6547619047619048,90,0.6777777777777778,50,塑料,3
retail~close,174,0.3160919540229885,0.6839080459770115,1.376065667839387e-06,1.1361293861941445e-06,84,0.2976190476190476,90,0.3333333333333333,50,塑料,3
main~retail,174,0.21264367816091953,0.7873563218390804,1.05812967822162e-14,3.0083005789715385e-14,85,0.18823529411764706,89,0.23595505617977527,50,塑料,3
main~close,171,0.6900584795321637,0.30409356725146197,7.34792431939043e-07,5.231928679958896e-07,76,0.6842105263157895,94,0.7021276595744681,50,塑料,4
retail~close,171,0.32748538011695905,0.6666666666666666,7.551730187471968e-06,5.04007016253381e-06,76,0.27631578947368424,94,0.3723404255319149,50,塑料,4
main~retail,171,0.18128654970760233,0.8187134502923976,9.573452512776568e-18,3.6257115166590936e-17,80,0.125,91,0.23076923076923078,50,塑料,4
main~close,177,0.5875706214689266,0.3954802259887006,0.023863795943825494,0.00906648009797185,82,0.6219512195121951,92,0.5760869565217391,51,乙二醇,2
retail~close,177,0.3050847457627119,0.672316384180791,2.2773697171148155e-07,9.3442483643028e-07,82,0.35365853658536583,92,0.2717391304347826,51,乙二醇,2
main~retail,177,0.23728813559322035,0.7570621468926554,1.391524344688998e-12,2.6921120845354375e-12,96,0.2708333333333333,80,0.2,51,乙二醇,2
main~close,174,0.6264367816091954,0.3620689655172414,0.0010559135324063682,0.00043560255719738534,69,0.6521739130434783,103,0.6213592233009708,51,乙二醇,3
retail~close,174,0.3563218390804598,0.632183908045977,0.00018539573081869726,0.00041541994120696625,69,0.37681159420289856,103,0.34951456310679613,51,乙二醇,3
main~retail,174,0.20689655172413793,0.7931034482758621,2.802942608077484e-15,9.481419674040867e-15,94,0.22340425531914893,80,0.1875,51,乙二醇,3
main~close,171,0.6023391812865497,0.38596491228070173,0.009122083075432035,0.0044232213796116075,71,0.6197183098591549,98,0.6020408163265306,51,乙二醇,4
retail~close,171,0.32748538011695905,0.6608187134502924,7.551730187471968e-06,1.6042030490809926e-05,71,0.3380281690140845,98,0.32653061224489793,51,乙二醇,4
main~retail,171,0.21637426900584794,0.783625730994152,4.14499606869775e-14,1.0994553378889458e-13,91,0.23076923076923078,80,0.2,51,乙二醇,4
main~close,177,0.6271186440677966,0.3446327683615819,0.0008903269100882559,0.0001349194537958309,88,0.6363636363636364,84,0.6547619047619048,52,沥青,2
retail~close,177,0.2768361581920904,0.6892655367231638,2.4894955382320546e-09,2.3768298751465833e-08,88,0.2840909090909091,84,0.2857142857142857,52,沥青,2
main~retail,177,0.2711864406779661,0.7231638418079096,9.303678367009963e-10,1.6215854205794738e-09,86,0.26744186046511625,90,0.2777777777777778,52,沥青,2
main~close,174,0.6781609195402298,0.3218390804597701,2.9873726008990803e-06,2.8378261645644913e-06,91,0.6923076923076923,83,0.6626506024096386,52,沥青,3
retail~close,174,0.3333333333333333,0.6666666666666666,1.3051948574184818e-05,8.42463148582352e-06,91,0.37362637362637363,83,0.2891566265060241,52,沥青,3
main~retail,174,0.25287356321839083,0.7471264367816092,4.6665853814499044e-11,4.5767424033366055e-11,93,0.2903225806451613,81,0.20987654320987653,52,沥青,3
main~close,171,0.6549707602339181,0.3391812865497076,6.16903575171755e-05,2.4795691362208502e-05,82,0.7195121951219512,88,0.6022727272727273,52,沥青,4
retail~close,171,0.2982456140350877,0.695906432748538,1.3628378909728081e-07,1.686904207840351e-07,82,0.2804878048780488,88,0.3181818181818182,52,沥青,4
main~retail,171,0.26900584795321636,0.7309941520467836,1.2492231225254174e-09,1.4111364515371847e-09,84,0.32142857142857145,87,0.21839080459770116,52,沥青,4
main~close,177,0.576271186440678,0.423728813559322,0.050360539517611914,0.03463435213769214,95,0.5368421052631579,82,0.6219512195121951,53,LPG,2
retail~close,177,0.327683615819209,0.6666666666666666,5.294914244749991e-06,6.903053965620722e-06,95,0.3157894736842105,82,0.34146341463414637,53,LPG,2
main~retail,177,0.2711864406779661,0.7231638418079096,9.303678367009963e-10,1.1164810906450207e-09,84,0.2261904761904762,92,0.31521739130434784,53,LPG,2
main~close,174,0.6494252873563219,0.3448275862068966,9.902678209216967e-05,2.9478919887442194e-05,95,0.6,78,0.717948717948718,53,LPG,3
retail~close,174,0.3505747126436782,0.6379310344827587,9.902678209216967e-05,0.00017941954412442767,95,0.3368421052631579,78,0.3717948717948718,53,LPG,3
main~retail,174,0.22988505747126436,0.764367816091954,4.664600328532964e-13,5.856745498601731e-13,80,0.1625,93,0.2903225806451613,53,LPG,3
main~close,171,0.6491228070175439,0.34502923976608185,0.00011821832487370969,2.659261273054969e-05,96,0.59375,74,0.7297297297297297,53,LPG,4
retail~close,171,0.3391812865497076,0.6549707602339181,3.1407517861889296e-05,3.224514150480454e-05,96,0.3541666666666667,74,0.32432432432432434,53,LPG,4
main~retail,171,0.22807017543859648,0.7719298245614035,5.115953576649134e-13,8.025872998452669e-13,84,0.17857142857142858,87,0.27586206896551724,53,LPG,4
main~close,177,0.6045197740112994,0.3898305084745763,0.006645653364320776,0.0042277816928605735,84,0.6071428571428571,92,0.6086956521739131,54,焦煤,2
retail~close,177,0.288135593220339,0.7062146892655368,1.642014869575504e-08,2.0518761040754223e-08,84,0.2619047619047619,92,0.31521739130434784,54,焦煤,2
main~retail,177,0.23728813559322035,0.7627118644067796,1.391524344688998e-12,2.5509282518144903e-12,86,0.22093023255813954,91,0.25274725274725274,54,焦煤,2
main~close,174,0.7126436781609196,0.28735632183908044,1.930315429665159e-08,1.2638731769142782e-08,78,0.7564102564102564,96,0.6770833333333334,54,焦煤,3
retail~close,174,0.3103448275862069,0.6839080459770115,6.178035816936492e-07,5.098803892695753e-07,78,0.2692307692307692,96,0.34375,54,焦煤,3
main~retail,174,0.21839080459770116,0.7758620689655172,3.862431051529525e-14,1.7675177698783724e-13,83,0.2289156626506024,90,0.2111111111111111,54,焦煤,3
main~close,171,0.7543859649122807,0.24561403508771928,1.7408982267657085e-11,2.0394151018239e-11,76,0.7894736842105263,95,0.7263157894736842,54,焦煤,4
retail~close,171,0.3157894736842105,0.6842105263157895,1.639643676855498e-06,1.195508285860782e-06,76,0.2894736842105263,95,0.3368421052631579,54,焦煤,4
main~retail,171,0.19883040935672514,0.8011695906432749,7.407009786794126e-16,3.368701450188443e-15,85,0.2,86,0.19767441860465115,54,焦煤,4
main~close,177,0.4463276836158192,0.5536723163841808,0.17589930239341012,0.1537836637002452,88,0.4659090909090909,89,0.42696629213483145,55,欧线集运,2
retail~close,177,0.5480225988700564,0.4293785310734463,0.2290215623336584,0.11044095680150409,88,0.5454545454545454,89,0.550561797752809,55,欧线集运,2
main~retail,177,0.3050847457627119,0.672316384180791,2.2773697171148155e-07,7.626848293047857e-07,86,0.3372093023255814,87,0.28735632183908044,55,欧线集运,2
main~close,174,0.5114942528735632,0.4827586206896552,0.8201708574029798,0.6946154750755787,82,0.524390243902439,91,0.5054945054945055,55,欧线集运,3
retail~close,174,0.5459770114942529,0.4367816091954023,0.25541158164185745,0.1467861781958819,82,0.5487804878048781,91,0.5494505494505495,55,欧线集运,3
main~retail,174,0.3390804597701149,0.6494252873563219,2.6281626550885452e-05,3.8666599240119994e-05,85,0.35294117647058826,87,0.3333333333333333,55,欧线集运,3
main~close,171,0.5730994152046783,0.4269005847953216,0.0661429101428119,0.05350146034030772,80,0.5875,91,0.5604395604395604,55,欧线集运,4
retail~close,171,0.4502923976608187,0.543859649122807,0.22101124863970711,0.2388052172616015,80,0.475,91,0.42857142857142855,55,欧线集运,4
main~retail,171,0.3216374269005848,0.672514619883041,3.564509052405045e-06,3.672027806919824e-06,90,0.34444444444444444,80,0.3,55,欧线集运,4
