boot_mean,boot_std,boot_p_ge_obs,variety_id,variety_name,S,pair
0.4926158192090396,0.03701007046523355,0.002,1,铁矿石,2,main~close
0.48887853107344637,0.036668802767860165,1.0,1,铁矿石,2,retail~close
0.4956752873563219,0.03818499264498636,0.0,1,铁矿石,3,main~close
0.49670977011494255,0.038238368190722856,1.0,1,铁矿石,3,retail~close
0.4832602339181286,0.03654998537906142,0.0,1,铁矿石,4,main~close
0.47916081871345034,0.03706212394192336,1.0,1,铁矿石,4,retail~close
0.4890536723163842,0.03702056617038847,0.001,2,螺纹钢,2,main~close
0.4892627118644068,0.0377416775234761,0.9995,2,螺纹钢,2,retail~close
0.49479022988505744,0.03787864622807082,0.0,2,螺纹钢,3,main~close
0.4942614942528735,0.03715307118628455,1.0,2,螺纹钢,3,retail~close
0.5026140350877192,0.03790772600647315,0.0,2,螺纹钢,4,main~close
0.4978421052631579,0.03786785153780975,1.0,2,螺纹钢,4,retail~close
0.4967655367231638,0.03718280095130428,0.073,3,热卷,2,main~close
0.49672033898305085,0.03752408644781186,1.0,3,热卷,2,retail~close
0.4952442528735633,0.03815448972541628,0.0,3,热卷,3,main~close
0.49372413793103453,0.03695162574230449,1.0,3,热卷,3,retail~close
0.49869298245614035,0.036798474001805165,0.0,3,热卷,4,main~close
0.4946520467836257,0.038077626021504225,1.0,3,热卷,4,retail~close
0.5012316384180792,0.037768045078095246,0.9545,4,锰硅,2,main~close
0.4999039548022599,0.037259324171314306,0.105,4,锰硅,2,retail~close
0.4822528735632184,0.036575958856652345,0.1945,4,锰硅,3,main~close
0.48246264367816094,0.037151893228987466,0.871,4,锰硅,3,retail~close
0.4925409356725146,0.03864744985712441,0.0055,4,锰硅,4,main~close
0.497906432748538,0.03791703733399286,0.9905,4,锰硅,4,retail~close
0.49204802259887004,0.037789787562049176,0.003,5,沪铜,2,main~close
0.4839830508474577,0.03665259408027879,1.0,5,沪铜,2,retail~close
0.4994597701149426,0.037409407020833896,0.0,5,沪铜,3,main~close
0.47883908045977014,0.03620866443412477,1.0,5,沪铜,3,retail~close
0.5003450292397661,0.03689846195504531,0.0,5,沪铜,4,main~close
0.4924269005847953,0.03718395887079743,1.0,5,沪铜,4,retail~close
0.49271468926553674,0.03698869225910079,0.0015,6,沪铝,2,main~close
0.48811864406779665,0.03702543612137871,1.0,6,沪铝,2,retail~close
0.49584770114942534,0.037183727615082145,0.0,6,沪铝,3,main~close
0.4866810344827587,0.038295744788415575,1.0,6,沪铝,3,retail~close
0.49707894736842106,0.03708473883856446,0.0,6,沪铝,4,main~close
0.4875350877192982,0.03712262449886408,1.0,6,沪铝,4,retail~close
0.49009887005649716,0.036372837368317784,0.0,7,沪锌,2,main~close
0.489590395480226,0.03716689489617484,1.0,7,沪锌,2,retail~close
0.4938735632183908,0.03744624190972414,0.0,7,沪锌,3,main~close
0.49396264367816095,0.038114737041547775,1.0,7,沪锌,3,retail~close
0.48770175438596486,0.03761347456377327,0.0,7,沪锌,4,main~close
0.4909415204678362,0.0370861678338671,1.0,7,沪锌,4,retail~close
0.4764067796610169,0.03714276748807727,0.0,8,沪铅,2,main~close
0.47157627118644063,0.03642251507241889,1.0,8,沪铅,2,retail~close
0.4957241379310345,0.03966161200420831,0.0,8,沪铅,3,main~close
0.4948218390804598,0.037410746825857905,1.0,8,沪铅,3,retail~close
0.48987719298245613,0.03818612206819953,0.0,8,沪铅,4,main~close
0.48915789473684207,0.03743908975488536,1.0,8,沪铅,4,retail~close
0.501005649717514,0.0378709444440084,0.0,9,沪锡,2,main~close
0.5004237288135593,0.03793286773491802,1.0,9,沪锡,2,retail~close
0.5028534482758621,0.03775297275329357,0.0,9,沪锡,3,main~close
0.5006408045977012,0.03813558038646246,1.0,9,沪锡,3,retail~close
0.5005087719298246,0.03702148432044949,0.0,9,沪锡,4,main~close
0.5036257309941521,0.036871611687522114,1.0,9,沪锡,4,retail~close
0.4998813559322034,0.03695820437163703,0.468,10,工业硅,2,main~close
0.5005875706214689,0.03855706994520077,0.2205,10,工业硅,2,retail~close
0.4916580459770115,0.03717491219416943,0.0095,10,工业硅,3,main~close
0.4916925287356322,0.03754683064756033,0.619,10,工业硅,3,retail~close
0.497780701754386,0.0375655235040979,0.014,10,工业硅,4,main~close
0.4962397660818713,0.03806139396210055,1.0,10,工业硅,4,retail~close
0.5009209039548023,0.03746935547654424,0.305,11,多晶硅,2,main~close
0.49178248587570617,0.03623201756737785,0.47,11,多晶硅,2,retail~close
0.507183908045977,0.03776238193971437,0.0465,11,多晶硅,3,main~close
0.5003965517241379,0.0375262443946151,0.9695,11,多晶硅,3,retail~close
0.5019005847953216,0.037859061522700715,0.0125,11,多晶硅,4,main~close
0.49429239766081867,0.037889783807416276,0.993,11,多晶硅,4,retail~close
0.4992175141242938,0.03667872920158859,0.5465,12,碳酸锂,2,main~close
0.4934548022598871,0.035605270021159915,0.975,12,碳酸锂,2,retail~close
0.4968534482758621,0.036640238264066496,0.0015,12,碳酸锂,3,main~close
0.4972011494252873,0.0357205203681754,1.0,12,碳酸锂,3,retail~close
0.49591812865497076,0.037901683357249784,0.0,12,碳酸锂,4,main~close
0.4963771929824561,0.037850408947250426,1.0,12,碳酸锂,4,retail~close
0.5026553672316384,0.03729630966732477,0.0,13,沪金,2,main~close
0.49780225988700566,0.03717311441592379,1.0,13,沪金,2,retail~close
0.5028045977011494,0.036947299222060415,0.0,13,沪金,3,main~close
0.49948850574712644,0.03719420126145836,1.0,13,沪金,3,retail~close
0.5035263157894737,0.037248015025003654,0.0,13,沪金,4,main~close
0.49571345029239766,0.0375808743406363,1.0,13,沪金,4,retail~close
0.4881977401129943,0.0369916646709908,0.0,14,豆一,2,main~close
0.48689265536723164,0.036959085725749456,1.0,14,豆一,2,retail~close
0.49451724137931036,0.038373371704414,0.0,14,豆一,3,main~close
0.4953448275862069,0.03809954731162528,1.0,14,豆一,3,retail~close
0.49353801169590644,0.03740038122966957,0.0,14,豆一,4,main~close
0.49323684210526314,0.03913085160607036,1.0,14,豆一,4,retail~close
0.48450847457627116,0.037702049549094396,0.001,15,豆二,2,main~close
0.48022598870056493,0.03767137418795402,1.0,15,豆二,2,retail~close
0.48786494252873563,0.038229437410550224,0.0,15,豆二,3,main~close
0.48512931034482754,0.037793788513346624,1.0,15,豆二,3,retail~close
0.49222807017543857,0.038540966174496614,0.0,15,豆二,4,main~close
0.4938245614035088,0.03832924668533689,1.0,15,豆二,4,retail~close
0.4878813559322034,0.03704809529341029,0.0235,16,豆油,2,main~close
0.48727118644067796,0.03730139765869753,1.0,16,豆油,2,retail~close
0.49712643678160917,0.03700408650077231,0.0005,16,豆油,3,main~close
0.4952557471264367,0.03841473622162995,1.0,16,豆油,3,retail~close
0.49419298245614035,0.037694561452092254,0.0,16,豆油,4,main~close
0.4960994152046784,0.037754918128527715,1.0,16,豆油,4,retail~close
0.49209887005649716,0.03723425217799971,0.0,17,豆粕,2,main~close
0.495590395480226,0.036040955663987066,1.0,17,豆粕,2,retail~close
0.49367241379310345,0.03925072737775591,0.0,17,豆粕,3,main~close
0.49530747126436786,0.03833545624323776,1.0,17,豆粕,3,retail~close
0.49379824561403507,0.037741432260939387,0.0,17,豆粕,4,main~close
0.49341812865497076,0.03742518716381303,1.0,17,豆粕,4,retail~close
0.4891412429378531,0.03672790755976006,0.0,18,菜油,2,main~close
0.4883502824858757,0.03783461729031766,1.0,18,菜油,2,retail~close
0.502367816091954,0.0381629344434135,0.0,18,菜油,3,main~close
0.4985344827586207,0.038195254858743935,1.0,18,菜油,3,retail~close
0.5001461988304093,0.037067617159080975,0.0,18,菜油,4,main~close
0.49464912280701756,0.037300946229058586,1.0,18,菜油,4,retail~close
0.4919604519774011,0.03747005400973874,0.0,19,菜粕,2,main~close
0.48798022598870056,0.03757072501153907,1.0,19,菜粕,2,retail~close
0.49698275862068964,0.037788121140811204,0.0,19,菜粕,3,main~close
0.49359195402298855,0.03753836061467966,1.0,19,菜粕,3,retail~close
0.5029298245614036,0.035999839931399026,0.0,19,菜粕,4,main~close
0.49788596491228065,0.03822446871060021,1.0,19,菜粕,4,retail~close
0.4950254237288136,0.037561368279836777,0.0,20,棕榈油,2,main~close
0.4932146892655368,0.03719196595215498,1.0,20,棕榈油,2,retail~close
0.5031551724137932,0.03792781203657663,0.0,20,棕榈油,3,main~close
0.49802298850574717,0.03675900167292304,1.0,20,棕榈油,3,retail~close
0.4975877192982456,0.037440989558518586,0.0,20,棕榈油,4,main~close
0.49541520467836253,0.038002402822629844,1.0,20,棕榈油,4,retail~close
0.474228813559322,0.037513748955817515,0.0455,21,玉米,2,main~close
0.4751073446327683,0.03682175552893117,1.0,21,玉米,2,retail~close
0.47685344827586207,0.03677341133050546,0.0,21,玉米,3,main~close
0.4766005747126437,0.037557542828555765,1.0,21,玉米,3,retail~close
0.4916608187134503,0.038077551589128504,0.0,21,玉米,4,main~close
0.4889824561403509,0.03787313657722568,1.0,21,玉米,4,retail~close
0.4947598870056497,0.03667042878073391,0.0625,22,鸡蛋,2,main~close
0.49480790960451976,0.03658271229211823,0.939,22,鸡蛋,2,retail~close
0.500212643678161,0.03799395295427015,0.027,22,鸡蛋,3,main~close
0.4969885057471264,0.038070287749818014,1.0,22,鸡蛋,3,retail~close
0.499046783625731,0.03868783759014703,0.003,22,鸡蛋,4,main~close
0.5000409356725146,0.03965798474339293,1.0,22,鸡蛋,4,retail~close
0.484138418079096,0.03621197613165528,0.0035,23,棉花,2,main~close
0.4814915254237288,0.03620222601231411,1.0,23,棉花,2,retail~close
0.4879454022988506,0.037086556349226675,0.0,23,棉花,3,main~close
0.4865890804597701,0.03767515475706881,1.0,23,棉花,3,retail~close
0.49385380116959066,0.03700853479056531,0.0,23,棉花,4,main~close
0.5026140350877193,0.03720612469635652,1.0,23,棉花,4,retail~close
0.49541525423728816,0.03688338267372814,0.0035,24,白糖,2,main~close
0.4939152542372881,0.03731939752692264,1.0,24,白糖,2,retail~close
0.5015287356321839,0.03774477256160526,0.0,24,白糖,3,main~close
0.49670114942528737,0.03856211520082964,1.0,24,白糖,3,retail~close
0.49870760233918127,0.03791763395675003,0.0,24,白糖,4,main~close
0.49514035087719294,0.037187850890984364,1.0,24,白糖,4,retail~close
0.4960451977401131,0.03765103327168269,0.887,25,苹果,2,main~close
0.4985028248587571,0.037349194572528235,0.235,25,苹果,2,retail~close
0.49519540229885056,0.03785830017044455,0.0955,25,苹果,3,main~close
0.4990402298850574,0.03727671048261648,0.659,25,苹果,3,retail~close
0.4906783625730994,0.03802256434816222,0.1235,25,苹果,4,main~close
0.4923304093567251,0.03836407417099635,0.665,25,苹果,4,retail~close
0.4962062146892655,0.03688451634552908,0.4565,26,红枣,2,main~close
0.49637853107344637,0.03767777887862207,0.338,26,红枣,2,retail~close
0.494382183908046,0.037790576651379776,0.056,26,红枣,3,main~close
0.491316091954023,0.037488659931559705,0.9175,26,红枣,3,retail~close
0.4958304093567251,0.038099148612478546,0.0095,26,红枣,4,main~close
0.5002543859649122,0.038431379846105194,0.9905,26,红枣,4,retail~close
0.48777966101694914,0.036886395589404326,0.3105,27,花生,2,main~close
0.4768700564971751,0.03684905150252453,0.8175,27,花生,2,retail~close
0.47850287356321836,0.03714447435126186,0.367,27,花生,3,main~close
0.4758879310344828,0.03817592479103049,0.572,27,花生,3,retail~close
0.48687719298245613,0.036940120246707134,0.0975,27,花生,4,main~close
0.4940877192982456,0.037095056177033424,0.865,27,花生,4,retail~close
0.49195197740112995,0.037216074758560196,0.0,28,PTA,2,main~close
0.49151129943502825,0.03737726624886445,1.0,28,PTA,2,retail~close
0.49921264367816093,0.03908858561565878,0.0,28,PTA,3,main~close
0.49974137931034485,0.03857429779002327,1.0,28,PTA,3,retail~close
0.4961286549707602,0.038473024210145264,0.0,28,PTA,4,main~close
0.4992777777777777,0.038380018386665236,1.0,28,PTA,4,retail~close
0.49996045197740113,0.03790406848697007,0.0,29,对二甲苯,2,main~close
0.5000169491525424,0.03745596156534296,1.0,29,对二甲苯,2,retail~close
0.49110344827586205,0.038610979896002755,0.0,29,对二甲苯,3,main~close
0.49507471264367814,0.03746119276183182,1.0,29,对二甲苯,3,retail~close
0.497125730994152,0.037581200460101036,0.0,29,对二甲苯,4,main~close
0.4981491228070175,0.03859109821882807,1.0,29,对二甲苯,4,retail~close
0.5061977401129943,0.037115501333131386,0.0,30,聚丙烯,2,main~close
0.5022768361581921,0.03661286826559729,1.0,30,聚丙烯,2,retail~close
0.4989310344827586,0.03675349320516898,0.0,30,聚丙烯,3,main~close
0.49761206896551724,0.03779969413108726,1.0,30,聚丙烯,3,retail~close
0.49894444444444447,0.03668835445694062,0.0,30,聚丙烯,4,main~close
0.4964298245614035,0.03726953840430012,1.0,30,聚丙烯,4,retail~close
0.5017909604519775,0.038030829525296996,0.008,31,苯乙烯,2,main~close
0.49851412429378533,0.03802382911182064,1.0,31,苯乙烯,2,retail~close
0.49619540229885056,0.03676128928658366,0.0,31,苯乙烯,3,main~close
0.4976321839080459,0.037510845747402544,1.0,31,苯乙烯,3,retail~close
0.4945380116959064,0.038443629600830885,0.0,31,苯乙烯,4,main~close
0.4999707602339181,0.03844955861706166,0.9995,31,苯乙烯,4,retail~close
0.5002627118644069,0.03717489986269582,0.0095,32,纯苯,2,main~close
0.47166384180790966,0.03559356100186721,1.0,32,纯苯,2,retail~close
0.4974770114942529,0.037644019915970814,0.0025,32,纯苯,3,main~close
0.49692816091954023,0.0377362684018967,1.0,32,纯苯,3,retail~close
0.4937105263157895,0.038881765055642836,0.0005,32,纯苯,4,main~close
0.48602631578947364,0.03769063226871226,1.0,32,纯苯,4,retail~close
0.5070621468926554,0.03738794209947789,0.004,33,烧碱,2,main~close
0.5033163841807909,0.03780857106820036,1.0,33,烧碱,2,retail~close
0.5009511494252873,0.03630260555345323,0.0015,33,烧碱,3,main~close
0.497514367816092,0.03645166478280479,1.0,33,烧碱,3,retail~close
0.5027134502923977,0.037042388861306424,0.0,33,烧碱,4,main~close
0.4960643274853801,0.037285951241464256,1.0,33,烧碱,4,retail~close
0.4857570621468926,0.038102542279684876,0.3005,34,尿素,2,main~close
0.4855593220338983,0.03788802841507493,0.5195,34,尿素,2,retail~close
0.48621839080459767,0.03825773448060992,0.067,34,尿素,3,main~close
0.48593390804597697,0.03752580639762518,0.988,34,尿素,3,retail~close
0.4861345029239766,0.037279662409546055,0.162,34,尿素,4,main~close
0.489266081871345,0.036893559052572834,0.9945,34,尿素,4,retail~close
0.4885847457627118,0.038362197539638196,0.002,35,橡胶,2,main~close
0.49203672316384184,0.037918111715647296,1.0,35,橡胶,2,retail~close
0.48984195402298847,0.036592294656213636,0.0,35,橡胶,3,main~close
0.4990632183908046,0.037285268855354464,1.0,35,橡胶,3,retail~close
0.4932456140350877,0.038412183992503,0.0,35,橡胶,4,main~close
0.5007807017543859,0.038094456800585014,1.0,35,橡胶,4,retail~close
0.4940677966101695,0.03763725453477845,0.0005,36,丁二烯胶,2,main~close
0.48751129943502824,0.037768980531503585,1.0,36,丁二烯胶,2,retail~close
0.4949770114942528,0.037849147066702046,0.0,36,丁二烯胶,3,main~close
0.4975459770114943,0.03723484714601435,1.0,36,丁二烯胶,3,retail~close
0.48855263157894735,0.037321302854119505,0.0,36,丁二烯胶,4,main~close
0.48559649122807014,0.03645420552194178,1.0,36,丁二烯胶,4,retail~close
0.46935593220338984,0.03667150821586861,0.6005,37,原木,2,main~close
0.455180790960452,0.03645994804292858,0.178,37,原木,2,retail~close
0.4694683908045977,0.03549884383369222,0.4455,37,原木,3,main~close
0.46433620689655175,0.03685753198229817,0.7,37,原木,3,retail~close
0.48605847953216375,0.03791465074908,0.0,37,原木,4,main~close
0.4818187134502924,0.03788107065320774,0.8915,37,原木,4,retail~close
0.4913389830508475,0.03711993866466011,0.0,38,纸浆,2,main~close
0.49281355932203386,0.03695149183147564,1.0,38,纸浆,2,retail~close
0.49408620689655175,0.03789320605858437,0.0,38,纸浆,3,main~close
0.4885632183908046,0.03871699643806789,1.0,38,纸浆,3,retail~close
0.500859649122807,0.03716851184770358,0.0,38,纸浆,4,main~close
0.48312865497076024,0.038425002244766956,1.0,38,纸浆,4,retail~close
0.49859887005649717,0.03643454422165928,0.6895,39,上证,2,main~close
0.49538983050847457,0.03828997585464895,0.8535,39,上证,2,retail~close
0.499471264367816,0.03890576913149988,0.387,39,上证,3,main~close
0.5002471264367816,0.037735542467008866,0.853,39,上证,3,retail~close
0.4961520467836257,0.038203759489747975,0.056,39,上证,4,main~close
0.4982923976608187,0.03755312049889519,0.9975,39,上证,4,retail~close
0.49257909604519773,0.03725804202094425,0.011,40,氧化铝,2,main~close
0.49096610169491534,0.03734980305585492,1.0,40,氧化铝,2,retail~close
0.500367816091954,0.03740929224123631,0.0,40,氧化铝,3,main~close
0.4899655172413793,0.03845831870625287,0.9995,40,氧化铝,3,retail~close
0.5021578947368421,0.03728813777462977,0.0,40,氧化铝,4,main~close
0.49123099415204674,0.037094420394686994,1.0,40,氧化铝,4,retail~close
0.492090395480226,0.03711610719774684,0.001,41,沪镍,2,main~close
0.4895254237288136,0.03741362380291363,1.0,41,沪镍,2,retail~close
0.4955402298850575,0.03674963768523489,0.0,41,沪镍,3,main~close
0.4886034482758621,0.036587901835280906,1.0,41,沪镍,3,retail~close
0.501672514619883,0.03835214342605369,0.0,41,沪镍,4,main~close
0.49926900584795314,0.03815240488392398,1.0,41,沪镍,4,retail~close
0.5069830508474577,0.03763674738102837,0.0,42,沪银,2,main~close
0.4985593220338983,0.03671446007242623,1.0,42,沪银,2,retail~close
0.5046264367816092,0.03718705017902479,0.0,42,沪银,3,main~close
0.5020977011494253,0.037467903646626353,1.0,42,沪银,3,retail~close
0.5012222222222221,0.037380874019809496,0.0,42,沪银,4,main~close
0.5014619883040935,0.038033057425509595,1.0,42,沪银,4,retail~close
0.49694632768361585,0.03681902297637704,0.06,43,生猪,2,main~close
0.4874858757062147,0.03590206558658939,0.4945,43,生猪,2,retail~close
0.5032701149425287,0.036542975440379794,0.1065,43,生猪,3,main~close
0.48191954022988504,0.03607240300682433,0.881,43,生猪,3,retail~close
0.5049035087719298,0.03621527357078945,0.0215,43,生猪,4,main~close
0.4865,0.035656610273962774,0.9415,43,生猪,4,retail~close
0.49098870056497174,0.03810355423347375,0.0005,44,燃油,2,main~close
0.4916666666666667,0.037713874552322044,1.0,44,燃油,2,retail~close
0.4947614942528736,0.03739814977004546,0.0075,44,燃油,3,main~close
0.49790229885057463,0.037565187538954666,0.9995,44,燃油,3,retail~close
0.49942690058479533,0.03772106437680355,0.0125,44,燃油,4,main~close
0.49937426900584797,0.03755349159570053,1.0,44,燃油,4,retail~close
0.49919209039548024,0.03772325776390816,0.006,45,低硫燃油,2,main~close
0.49818361581920906,0.03666603019739575,1.0,45,低硫燃油,2,retail~close
0.49385919540229883,0.03783635333516251,0.0,45,低硫燃油,3,main~close
0.49822126436781605,0.0370859845765863,1.0,45,低硫燃油,3,retail~close
0.5002046783625731,0.039289270330544405,0.0,45,低硫燃油,4,main~close
0.4969473684210526,0.038463138405111036,1.0,45,低硫燃油,4,retail~close
0.49607344632768363,0.037144465130881016,0.0125,46,甲醇,2,main~close
0.4944237288135593,0.03800955569134292,1.0,46,甲醇,2,retail~close
0.49971839080459773,0.03826291546948037,0.0,46,甲醇,3,main~close
0.4975632183908046,0.03881426583269432,0.9995,46,甲醇,3,retail~close
0.49454385964912273,0.0387585252864126,0.0,46,甲醇,4,main~close
0.49174269005847954,0.03744437457581437,1.0,46,甲醇,4,retail~close
0.4973870056497175,0.038082236685016806,0.0,47,PVC,2,main~close
0.49805084745762707,0.03839230399900405,1.0,47,PVC,2,retail~close
0.4966120689655172,0.03777221616625356,0.0,47,PVC,3,main~close
0.5019655172413794,0.03777879410009036,1.0,47,PVC,3,retail~close
0.5018011695906432,0.038028397590343155,0.0,47,PVC,4,main~close
0.504298245614035,0.03800124687692433,1.0,47,PVC,4,retail~close
0.48755367231638425,0.037660268985573564,0.001,48,纯碱,2,main~close
0.4901666666666667,0.037040204572382655,1.0,48,纯碱,2,retail~close
0.48615229885057465,0.03755069227531494,0.0,48,纯碱,3,main~close
0.4917614942528736,0.038081197777785014,1.0,48,纯碱,3,retail~close
0.4974941520467836,0.03807973566417551,0.0,48,纯碱,4,main~close
0.4977017543859649,0.03878500436675251,1.0,48,纯碱,4,retail~close
0.48716101694915254,0.03653133022097962,0.0,49,玻璃,2,main~close
0.4828079096045198,0.036477295577684365,1.0,49,玻璃,2,retail~close
0.489014367816092,0.03735484866679661,0.0,49,玻璃,3,main~close
0.48703160919540234,0.038186923243661325,1.0,49,玻璃,3,retail~close
0.49587426900584797,0.03709754100540153,0.0,49,玻璃,4,main~close
0.4922046783625731,0.03836681218555823,1.0,49,玻璃,4,retail~close
0.49809604519774014,0.037544245871155416,0.0,50,塑料,2,main~close
0.4988220338983051,0.03769023385673234,1.0,50,塑料,2,retail~close
0.5017931034482758,0.03753654844658204,0.0,50,塑料,3,main~close
0.49992528735632186,0.03762056454565837,1.0,50,塑料,3,retail~close
0.5001315789473685,0.036935504811495934,0.0,50,塑料,4,main~close
0.5003070175438596,0.03763703970793683,1.0,50,塑料,4,retail~close
0.49003954802259886,0.035954063190406914,0.004,51,乙二醇,2,main~close
0.4871045197740113,0.036420830117963196,1.0,51,乙二醇,2,retail~close
0.4946063218390805,0.03711358703914077,0.0005,51,乙二醇,3,main~close
0.48641954022988504,0.036928688961795623,1.0,51,乙二醇,3,retail~close
0.49467543859649116,0.03804271777316325,0.0065,51,乙二醇,4,main~close
0.48883333333333323,0.03696526788839129,1.0,51,乙二醇,4,retail~close
0.48648022598870055,0.037511976233511546,0.0005,52,沥青,2,main~close
0.48285593220338985,0.036578511173248174,1.0,52,沥青,2,retail~close
0.5008965517241379,0.037512346142208684,0.0,52,沥青,3,main~close
0.5013620689655173,0.038016201408873664,1.0,52,沥青,3,retail~close
0.4943947368421052,0.037141767374355095,0.0,52,沥青,4,main~close
0.4982251461988304,0.03873662658057257,1.0,52,沥青,4,retail~close
0.49824858757062146,0.037057969655733526,0.023,53,LPG,2,main~close
0.4953841807909605,0.03773593087217566,1.0,53,LPG,2,retail~close
0.4921235632183908,0.037784124135180154,0.0,53,LPG,3,main~close
0.4914655172413793,0.037917437043826156,1.0,53,LPG,3,retail~close
0.48959649122807014,0.03783682628349187,0.0,53,LPG,4,main~close
0.4972602339181286,0.03853907999743906,1.0,53,LPG,4,retail~close
0.49718644067796613,0.03718054843645819,0.0015,54,焦煤,2,main~close
0.49780508474576274,0.03763028597907531,1.0,54,焦煤,2,retail~close
0.49775862068965515,0.037917055940473864,0.0,54,焦煤,3,main~close
0.5000718390804597,0.037491948204150284,1.0,54,焦煤,3,retail~close
0.499953216374269,0.03724275605852116,0.0,54,焦煤,4,main~close
0.4996081871345029,0.03726229840456923,1.0,54,焦煤,4,retail~close
0.49992090395480226,0.03726407544253061,0.9395,55,欧线集运,2,main~close
0.48867231638418074,0.03619700203561486,0.0605,55,欧线集运,2,retail~close
0.4954971264367816,0.036785482801595694,0.36,55,欧线集运,3,main~close
0.4913189655172414,0.03749439106773831,0.0835,55,欧线集运,3,retail~close
0.4992280701754386,0.038607377518434585,0.0365,55,欧线集运,4,main~close
0.4960701754385965,0.03716944343207796,0.8985,55,欧线集运,4,retail~close
