variety_name,side,entry_date,exit_date,entry_price,exit_price,holding_days,pnl_ratio,pnl_points,exit_reason
沪铅,long,2025-08-11,2025-08-14,16885.0,16770.0,3,-0.006810778797749495,-115.0,tp3_main_turn_down
沪铅,short,2025-08-18,2025-08-22,16775.0,16780.0,4,-0.00029797377830753646,-5.0,tp3_main_turn_up
沪铅,long,2025-08-27,2025-09-01,16890.0,16855.0,3,-0.002072232089994075,-35.0,tp3_main_turn_down
沪铅,short,2025-11-18,2025-11-26,17230.0,17065.0,6,0.009668912979783117,165.0,tp3_main_turn_up
沪铅,long,2025-12-04,2025-12-10,17245.0,17115.0,4,-0.00753841693244417,-130.0,tp3_main_turn_down
沪铅,long,2025-12-23,2025-12-31,16995.0,17355.0,6,0.02118270079435125,360.0,tp3_main_turn_down
沪铅,short,2026-01-06,2026-01-12,17520.0,17475.0,4,0.0025751072961373023,45.0,tp3_main_turn_up
沪铅,short,2026-01-23,2026-01-29,17095.0,17185.0,4,-0.005237125400058162,-90.0,tp3_main_turn_up
沪铅,long,2026-02-11,2026-03-04,16755.0,16840.0,9,0.005073112503730215,85.0,tp3_main_turn_down
沪铅,short,2026-03-06,2026-03-18,16775.0,16650.0,8,0.007507507507507505,125.0,tp3_main_turn_up
沪铅,short,2026-04-13,2026-04-17,16570.0,16775.0,4,-0.012220566318926984,-205.0,tp3_main_turn_up
沪铝,short,2025-07-30,2025-08-05,20625.0,20560.0,4,0.0031614785992217787,65.0,tp3_main_turn_up
沪铝,long,2025-08-07,2025-08-14,20750.0,20715.0,5,-0.0016867469879517927,-35.0,tp3_main_turn_down
沪铝,short,2025-08-18,2025-08-22,20595.0,20630.0,4,-0.0016965584100824271,-35.0,tp3_main_turn_up
沪铝,long,2025-08-26,2025-09-01,20715.0,20645.0,4,-0.0033791938209026817,-70.0,tp3_main_turn_down
沪铝,short,2025-09-03,2025-09-09,20710.0,20750.0,4,-0.001927710843373509,-40.0,tp3_main_turn_up
沪铝,short,2025-09-19,2025-09-26,20795.0,20745.0,5,0.002410219329959107,50.0,tp3_main_turn_up
沪铝,short,2025-11-19,2025-11-26,21570.0,21455.0,5,0.005360055931018515,115.0,tp3_main_turn_up
沪铝,long,2025-11-28,2025-12-09,21610.0,21825.0,7,0.009949097639981419,215.0,tp3_main_turn_down
沪铝,short,2025-12-11,2025-12-22,21970.0,22220.0,7,-0.011251125112511251,-250.0,tp3_main_turn_up
沪铝,long,2025-12-24,2026-01-09,22330.0,24385.0,10,0.09202866099417828,2055.0,tp3_main_turn_down
沪铝,short,2026-02-03,2026-02-10,23810.0,23600.0,5,0.008898305084745761,210.0,tp3_main_turn_up
沪铝,short,2026-03-18,2026-03-26,24800.0,23725.0,6,0.0453108535300315,1075.0,tp3_main_turn_up
沪铝,long,2026-03-30,2026-04-07,24725.0,24630.0,5,-0.003842264914054594,-95.0,tp3_main_turn_down
沪铝,short,2026-04-09,2026-04-14,24540.0,24960.0,3,-0.016826923076923128,-420.0,tp3_main_turn_up
棕榈油,long,2025-09-08,2025-09-10,9466.0,9244.0,2,-0.023452355799704172,-222.0,tp3_main_turn_down
棕榈油,short,2025-10-17,2025-11-05,9308.0,8590.0,13,0.08358556461001165,718.0,tp3_main_turn_up
棕榈油,long,2025-12-02,2025-12-08,8720.0,8702.0,4,-0.0020642201834862872,-18.0,tp3_main_turn_down
棕榈油,short,2025-12-10,2025-12-22,8528.0,8414.0,8,0.013548847159496002,114.0,tp3_main_turn_up
棕榈油,long,2025-12-24,2026-01-05,8488.0,8488.0,6,0.0,0.0,tp3_main_turn_down
棕榈油,short,2026-01-20,2026-01-22,8748.0,8944.0,2,-0.021914132379248663,-196.0,tp3_main_turn_up
棕榈油,short,2026-02-03,2026-02-26,9094.0,8714.0,11,0.043607987147119553,380.0,tp3_main_turn_up
棕榈油,short,2026-04-09,2026-04-20,9650.0,9486.0,7,0.01728863588446128,164.0,final_close
纯碱,short,2025-08-21,2025-08-27,1306.0,1307.0,4,-0.0007651109410864443,-1.0,tp3_main_turn_up
纯碱,long,2025-08-29,2025-09-01,1296.0,1271.0,1,-0.019290123456790154,-25.0,tp3_main_turn_down
纯碱,long,2025-09-08,2025-09-12,1293.0,1290.0,4,-0.002320185614849146,-3.0,tp3_main_turn_down
纯碱,short,2025-09-23,2025-09-25,1273.0,1315.0,2,-0.03193916349809889,-42.0,tp3_main_turn_up
纯碱,long,2025-10-24,2025-10-31,1229.0,1225.0,5,-0.0032546786004882255,-4.0,tp3_main_turn_down
纯碱,long,2025-11-12,2025-11-17,1214.0,1231.0,3,0.014003294892916074,17.0,tp3_main_turn_down
纯碱,short,2025-11-20,2025-11-26,1158.0,1175.0,4,-0.014468085106382977,-17.0,tp3_main_turn_up
纯碱,long,2025-11-28,2025-12-02,1177.0,1183.0,2,0.005097706032285432,6.0,tp3_main_turn_down
纯碱,long,2025-12-17,2025-12-23,1170.0,1175.0,4,0.004273504273504258,5.0,tp3_main_turn_down
纯碱,short,2026-01-16,2026-01-23,1192.0,1198.0,5,-0.005008347245408995,-6.0,tp3_main_turn_up
纯碱,long,2026-01-26,2026-02-02,1205.0,1203.0,5,-0.0016597510373443924,-2.0,tp3_main_turn_down
纯碱,short,2026-02-09,2026-02-26,1181.0,1191.0,7,-0.008396305625524736,-10.0,tp3_main_turn_up
纯碱,short,2026-03-18,2026-03-24,1211.0,1240.0,4,-0.023387096774193594,-29.0,tp3_main_turn_up
纯碱,long,2026-04-10,2026-04-20,1146.0,1247.0,6,0.08813263525305404,101.0,final_close
菜粕,short,2025-08-13,2025-08-22,2688.0,2543.0,7,0.057019268580416727,145.0,tp3_main_turn_up
菜粕,short,2025-09-17,2025-09-22,2460.0,2528.0,3,-0.026898734177215222,-68.0,tp3_main_turn_up
菜粕,short,2025-11-12,2025-11-24,2494.0,2446.0,8,0.019623875715453876,48.0,tp3_main_turn_up
菜粕,long,2025-11-25,2025-12-02,2431.0,2413.0,5,-0.00740436034553682,-18.0,tp3_main_turn_down
菜粕,long,2025-12-16,2025-12-19,2359.0,2323.0,3,-0.015260703688003363,-36.0,tp3_main_turn_down
菜粕,long,2026-01-26,2026-02-02,2269.0,2276.0,5,0.0030850594975759815,7.0,tp3_main_turn_down
菜粕,short,2026-02-04,2026-02-11,2247.0,2288.0,5,-0.017919580419580416,-41.0,tp3_main_turn_up
菜粕,long,2026-02-13,2026-02-26,2309.0,2296.0,3,-0.005630142919012537,-13.0,tp3_main_turn_down
菜粕,long,2026-04-10,2026-04-20,2241.0,2336.0,6,0.042391789379741196,95.0,final_close
PVC,short,2025-07-30,2025-08-08,5159.0,4993.0,7,0.03324654516322845,166.0,tp3_main_turn_up
PVC,long,2025-08-12,2025-08-14,5047.0,5124.0,2,0.015256588072122046,77.0,tp3_main_turn_down
PVC,long,2025-09-17,2025-09-19,4973.0,4950.0,2,-0.004624974864267051,-23.0,tp3_main_turn_down
PVC,short,2025-09-24,2025-10-16,4919.0,4694.0,10,0.04793353216872598,225.0,tp3_main_turn_up
PVC,long,2025-10-20,2025-11-03,4702.0,4680.0,10,-0.004678860059549095,-22.0,tp3_main_turn_down
PVC,short,2025-11-04,2025-11-13,4670.0,4586.0,7,0.01831661578717836,84.0,tp3_main_turn_up
PVC,long,2025-11-14,2025-11-19,4608.0,4492.0,3,-0.02517361111111116,-116.0,tp3_main_turn_down
PVC,long,2025-11-27,2025-12-04,4517.0,4500.0,5,-0.0037635598848793084,-17.0,tp3_main_turn_down
PVC,short,2025-12-09,2025-12-15,4367.0,4315.0,4,0.012050984936268883,52.0,tp3_main_turn_up
PVC,long,2025-12-18,2025-12-25,4708.0,4757.0,5,0.010407816482582932,49.0,tp3_main_turn_down
PVC,short,2026-02-10,2026-02-26,4971.0,4855.0,6,0.023892893923789904,116.0,tp3_main_turn_up
PVC,long,2026-03-04,2026-03-11,4995.0,5571.0,5,0.11531531531531525,576.0,tp3_main_turn_down
PVC,short,2026-03-27,2026-04-03,5615.0,5428.0,5,0.03445099484156233,187.0,tp3_main_turn_up
PVC,long,2026-04-17,2026-04-20,5093.0,5147.0,1,0.010602788140585018,54.0,final_close
焦煤,short,2025-07-30,2025-08-05,1232.5,1182.0,4,0.042724196277495796,50.5,tp3_main_turn_up
焦煤,short,2025-08-15,2025-08-25,1230.0,1215.5,6,0.01192924722336497,14.5,tp3_main_turn_up
焦煤,long,2025-09-09,2025-09-22,1123.5,1217.5,9,0.08366711170449492,94.0,tp3_main_turn_down
焦煤,short,2025-09-23,2025-10-15,1217.5,1151.0,10,0.05777584708948735,66.5,tp3_main_turn_up
焦煤,short,2025-11-04,2025-11-26,1253.0,1084.5,16,0.1553711387736283,168.5,tp3_main_turn_up
焦煤,short,2025-12-15,2025-12-16,1061.0,1067.5,1,-0.006088992974238927,-6.5,tp3_main_turn_up
焦煤,short,2025-12-30,2026-01-07,1119.5,1164.0,4,-0.038230240549828154,-44.5,tp3_main_turn_up
焦煤,long,2026-01-12,2026-01-15,1238.0,1187.5,3,-0.04079159935379639,-50.5,tp3_main_turn_down
焦煤,short,2026-01-19,2026-01-26,1174.5,1159.5,5,0.012936610608020649,15.0,tp3_main_turn_up
焦煤,long,2026-01-28,2026-02-06,1134.5,1138.5,7,0.003525782282943979,4.0,tp3_main_turn_down
焦煤,short,2026-02-10,2026-03-03,1119.0,1127.0,9,-0.00709849157054121,-8.0,tp3_main_turn_up
焦煤,long,2026-03-05,2026-03-17,1105.5,1176.0,8,0.06377204884667576,70.5,tp3_main_turn_down
焦煤,short,2026-03-31,2026-04-08,1148.5,1120.5,5,0.024988844265952714,28.0,tp3_main_turn_up
焦煤,long,2026-04-17,2026-04-20,1226.0,1263.5,1,0.030587275693311655,37.5,final_close
棉花,long,2025-08-08,2025-08-19,13800.0,14100.0,7,0.021739130434782705,300.0,tp3_main_turn_down
棉花,short,2025-08-21,2025-08-26,14030.0,14100.0,3,-0.00496453900709215,-70.0,tp3_main_turn_up
棉花,long,2025-09-17,2025-09-19,13890.0,13720.0,2,-0.012239020878329732,-170.0,tp3_main_turn_down
棉花,short,2025-10-28,2025-10-31,13565.0,13595.0,3,-0.0022066936373666968,-30.0,tp3_main_turn_up
棉花,long,2025-11-21,2025-12-03,13460.0,13780.0,8,0.023774145616641817,320.0,tp3_main_turn_down
棉花,long,2026-02-12,2026-03-03,14790.0,15255.0,7,0.03144016227180524,465.0,tp3_main_turn_down
棉花,short,2026-03-04,2026-03-09,15205.0,15285.0,3,-0.005233889434085759,-80.0,tp3_main_turn_up
棉花,short,2026-04-03,2026-04-10,15255.0,15705.0,4,-0.028653295128939882,-450.0,tp3_main_turn_up
热卷,long,2025-08-28,2025-09-01,3372.0,3303.0,2,-0.020462633451957313,-69.0,tp3_main_turn_down
热卷,short,2025-11-05,2025-11-12,3253.0,3255.0,5,-0.0006144393241167556,-2.0,tp3_main_turn_up
热卷,long,2025-11-14,2025-11-21,3256.0,3270.0,5,0.004299754299754266,14.0,tp3_main_turn_down
热卷,short,2025-12-10,2025-12-16,3282.0,3246.0,4,0.01109057301293892,36.0,tp3_main_turn_up
热卷,long,2025-12-18,2025-12-25,3277.0,3280.0,5,0.0009154714678059062,3.0,tp3_main_turn_down
热卷,long,2026-04-14,2026-04-20,3279.0,3362.0,4,0.025312595303446095,83.0,final_close
